{
    "aaData":[{
    "id": 1,
    "name": "Marilyn Payne",
    "company": "Babblestorm",
    "email": "mpayne0@mapquest.com",
    "phone": "1-(698)665-1676",
    "createdon": "10/3/2015"
}, {
    "id": 2,
    "name": "Craig Scott",
    "company": "Fiveclub",
    "email": "cscott1@stumbleupon.com",
    "phone": "30-(761)508-1801",
    "createdon": "1/9/2015"
}, {
    "id": 3,
    "name": "Justin Mccoy",
    "company": "Skajo",
    "email": "jmccoy2@china.com.cn",
    "phone": "244-(822)444-8703",
    "createdon": "11/6/2015"
}, {
    "id": 4,
    "name": "Sarah Jackson",
    "company": "Meejo",
    "email": "sjackson3@senate.gov",
    "phone": "420-(601)178-1868",
    "createdon": "6/29/2015"
}, {
    "id": 5,
    "name": "Nicholas Lane",
    "company": "Topicblab",
    "email": "nlane4@vinaora.com",
    "phone": "86-(886)315-0757",
    "createdon": "1/21/2015"
}, {
    "id": 6,
    "name": "Ashley Powell",
    "company": "Jaxbean",
    "email": "apowell5@europa.eu",
    "phone": "94-(132)497-7560",
    "createdon": "5/8/2015"
}, {
    "id": 7,
    "name": "Earl Lopez",
    "company": "Vimbo",
    "email": "elopez6@ucla.edu",
    "phone": "55-(557)831-6870",
    "createdon": "4/13/2015"
}, {
    "id": 8,
    "name": "Scott Morales",
    "company": "Realcube",
    "email": "smorales7@yandex.ru",
    "phone": "261-(675)823-2990",
    "createdon": "7/3/2015"
}, {
    "id": 9,
    "name": "Anne Nguyen",
    "company": "Trupe",
    "email": "anguyen8@miibeian.gov.cn",
    "phone": "62-(355)591-6303",
    "createdon": "2/24/2015"
}, {
    "id": 10,
    "name": "James Franklin",
    "company": "Dabvine",
    "email": "jfranklin9@trellian.com",
    "phone": "358-(574)602-9656",
    "createdon": "12/26/2014"
}, {
    "id": 11,
    "name": "Kevin Carr",
    "company": "Edgeblab",
    "email": "kcarra@godaddy.com",
    "phone": "237-(563)867-8581",
    "createdon": "1/6/2015"
}, {
    "id": 12,
    "name": "Wanda Allen",
    "company": "Topdrive",
    "email": "wallenb@ted.com",
    "phone": "63-(499)915-8397",
    "createdon": "2/26/2015"
}, {
    "id": 13,
    "name": "Irene Henderson",
    "company": "Oba",
    "email": "ihendersonc@xrea.com",
    "phone": "62-(608)997-1979",
    "createdon": "4/10/2015"
}, {
    "id": 14,
    "name": "Carl Holmes",
    "company": "Dabtype",
    "email": "cholmesd@ted.com",
    "phone": "86-(605)300-6092",
    "createdon": "7/2/2015"
}, {
    "id": 15,
    "name": "Diana Hayes",
    "company": "Voolia",
    "email": "dhayese@hubpages.com",
    "phone": "86-(396)752-6809",
    "createdon": "5/29/2015"
}, {
    "id": 16,
    "name": "Carl Carr",
    "company": "Yambee",
    "email": "ccarrf@mapquest.com",
    "phone": "86-(585)792-0319",
    "createdon": "1/8/2015"
}, {
    "id": 17,
    "name": "Anthony Young",
    "company": "Agimba",
    "email": "ayoungg@wsj.com",
    "phone": "976-(677)991-2511",
    "createdon": "7/27/2015"
}, {
    "id": 18,
    "name": "Donna Holmes",
    "company": "Talane",
    "email": "dholmesh@goodreads.com",
    "phone": "7-(798)249-7544",
    "createdon": "7/7/2015"
}, {
    "id": 19,
    "name": "Jesse Berry",
    "company": "Photobug",
    "email": "jberryi@chron.com",
    "phone": "63-(390)529-0166",
    "createdon": "10/13/2015"
}, {
    "id": 20,
    "name": "Raymond Foster",
    "company": "Oozz",
    "email": "rfosterj@weebly.com",
    "phone": "218-(235)643-1047",
    "createdon": "6/3/2015"
}, {
    "id": 21,
    "name": "Carolyn Cox",
    "company": "Yozio",
    "email": "ccoxk@opera.com",
    "phone": "30-(651)417-7097",
    "createdon": "1/3/2015"
}, {
    "id": 22,
    "name": "Roger Richards",
    "company": "Skipstorm",
    "email": "rrichardsl@squarespace.com",
    "phone": "251-(429)881-3229",
    "createdon": "6/19/2015"
}, {
    "id": 23,
    "name": "Susan Harvey",
    "company": "Tagopia",
    "email": "sharveym@usatoday.com",
    "phone": "86-(829)953-2753",
    "createdon": "7/24/2015"
}, {
    "id": 24,
    "name": "Theresa Cunningham",
    "company": "Flashdog",
    "email": "tcunninghamn@ustream.tv",
    "phone": "251-(530)102-0208",
    "createdon": "12/6/2014"
}, {
    "id": 25,
    "name": "Kathleen Washington",
    "company": "Buzzdog",
    "email": "kwashingtono@oakley.com",
    "phone": "505-(116)195-2568",
    "createdon": "1/22/2015"
}, {
    "id": 26,
    "name": "Sandra Rodriguez",
    "company": "Brightbean",
    "email": "srodriguezp@360.cn",
    "phone": "7-(479)643-8976",
    "createdon": "6/1/2015"
}, {
    "id": 27,
    "name": "Judy Larson",
    "company": "Vitz",
    "email": "jlarsonq@omniture.com",
    "phone": "48-(437)851-9950",
    "createdon": "7/13/2015"
}, {
    "id": 28,
    "name": "Cynthia Ruiz",
    "company": "Voolith",
    "email": "cruizr@51.la",
    "phone": "63-(450)368-2359",
    "createdon": "9/21/2015"
}, {
    "id": 29,
    "name": "Jessica Young",
    "company": "Yombu",
    "email": "jyoungs@drupal.org",
    "phone": "595-(693)352-8660",
    "createdon": "6/20/2015"
}, {
    "id": 30,
    "name": "Philip Austin",
    "company": "Latz",
    "email": "paustint@huffingtonpost.com",
    "phone": "86-(390)430-0371",
    "createdon": "3/9/2015"
}, {
    "id": 31,
    "name": "Bobby Reynolds",
    "company": "Fiveclub",
    "email": "breynoldsu@loc.gov",
    "phone": "86-(268)603-7683",
    "createdon": "4/21/2015"
}, {
    "id": 32,
    "name": "Robin Martin",
    "company": "Eire",
    "email": "rmartinv@lulu.com",
    "phone": "62-(161)537-9357",
    "createdon": "3/31/2015"
}, {
    "id": 33,
    "name": "Peter Spencer",
    "company": "Katz",
    "email": "pspencerw@addtoany.com",
    "phone": "977-(769)213-3741",
    "createdon": "8/2/2015"
}, {
    "id": 34,
    "name": "Harry Harper",
    "company": "Photospace",
    "email": "hharperx@jimdo.com",
    "phone": "86-(731)407-8756",
    "createdon": "5/31/2015"
}, {
    "id": 35,
    "name": "Justin Rice",
    "company": "Voomm",
    "email": "jricey@networksolutions.com",
    "phone": "7-(418)977-7476",
    "createdon": "7/22/2015"
}, {
    "id": 36,
    "name": "Nicholas Schmidt",
    "company": "Blogpad",
    "email": "nschmidtz@foxnews.com",
    "phone": "82-(207)463-6641",
    "createdon": "10/4/2015"
}, {
    "id": 37,
    "name": "William Perry",
    "company": "Gevee",
    "email": "wperry10@ask.com",
    "phone": "86-(245)338-9436",
    "createdon": "10/20/2015"
}, {
    "id": 38,
    "name": "Willie Jacobs",
    "company": "Trudoo",
    "email": "wjacobs11@lulu.com",
    "phone": "963-(970)168-1991",
    "createdon": "3/3/2015"
}, {
    "id": 39,
    "name": "Ann Ferguson",
    "company": "Dazzlesphere",
    "email": "aferguson12@sourceforge.net",
    "phone": "48-(633)182-3690",
    "createdon": "4/19/2015"
}, {
    "id": 40,
    "name": "Roy Russell",
    "company": "Voonyx",
    "email": "rrussell13@ocn.ne.jp",
    "phone": "62-(720)143-9709",
    "createdon": "10/23/2015"
}, {
    "id": 41,
    "name": "Ashley Willis",
    "company": "Kwideo",
    "email": "awillis14@vk.com",
    "phone": "1-(818)942-2980",
    "createdon": "4/25/2015"
}, {
    "id": 42,
    "name": "Ann Morris",
    "company": "Babblestorm",
    "email": "amorris15@oracle.com",
    "phone": "1-(627)342-4222",
    "createdon": "1/3/2015"
}, {
    "id": 43,
    "name": "Jimmy Meyer",
    "company": "Agimba",
    "email": "jmeyer16@unicef.org",
    "phone": "355-(555)420-4996",
    "createdon": "7/20/2015"
}, {
    "id": 44,
    "name": "Amy Watson",
    "company": "Realcube",
    "email": "awatson17@huffingtonpost.com",
    "phone": "86-(684)851-4197",
    "createdon": "6/17/2015"
}, {
    "id": 45,
    "name": "James Banks",
    "company": "Quatz",
    "email": "jbanks18@usa.gov",
    "phone": "55-(941)965-2302",
    "createdon": "2/26/2015"
}, {
    "id": 46,
    "name": "Bruce Bradley",
    "company": "Skimia",
    "email": "bbradley19@wiley.com",
    "phone": "1-(915)839-7273",
    "createdon": "11/3/2015"
}, {
    "id": 47,
    "name": "Beverly Stone",
    "company": "InnoZ",
    "email": "bstone1a@multiply.com",
    "phone": "33-(419)888-1964",
    "createdon": "11/11/2015"
}, {
    "id": 48,
    "name": "Harry Mitchell",
    "company": "Mybuzz",
    "email": "hmitchell1b@noaa.gov",
    "phone": "48-(804)636-7530",
    "createdon": "1/14/2015"
}, {
    "id": 49,
    "name": "Wayne Allen",
    "company": "Eare",
    "email": "wallen1c@multiply.com",
    "phone": "44-(125)844-2617",
    "createdon": "4/9/2015"
}, {
    "id": 50,
    "name": "Nicole White",
    "company": "Bluejam",
    "email": "nwhite1d@4shared.com",
    "phone": "51-(854)108-9738",
    "createdon": "12/13/2014"
}, {
    "id": 51,
    "name": "Bonnie Ellis",
    "company": "Browsedrive",
    "email": "bellis1e@columbia.edu",
    "phone": "54-(633)492-5093",
    "createdon": "10/26/2015"
}, {
    "id": 52,
    "name": "Rose Richardson",
    "company": "Aivee",
    "email": "rrichardson1f@yahoo.co.jp",
    "phone": "1-(281)782-3941",
    "createdon": "4/5/2015"
}, {
    "id": 53,
    "name": "David Thomas",
    "company": "Babbleopia",
    "email": "dthomas1g@newsvine.com",
    "phone": "505-(734)956-1951",
    "createdon": "5/25/2015"
}, {
    "id": 54,
    "name": "Ann Bell",
    "company": "Trudoo",
    "email": "abell1h@cnn.com",
    "phone": "62-(934)204-9591",
    "createdon": "2/4/2015"
}, {
    "id": 55,
    "name": "Aaron Simpson",
    "company": "Linktype",
    "email": "asimpson1i@irs.gov",
    "phone": "375-(512)382-7056",
    "createdon": "4/11/2015"
}, {
    "id": 56,
    "name": "Shirley Bradley",
    "company": "Zava",
    "email": "sbradley1j@bbc.co.uk",
    "phone": "86-(185)860-5027",
    "createdon": "11/5/2015"
}, {
    "id": 57,
    "name": "Amanda Mcdonald",
    "company": "Livefish",
    "email": "amcdonald1k@rambler.ru",
    "phone": "86-(276)226-7015",
    "createdon": "3/1/2015"
}, {
    "id": 58,
    "name": "Wanda West",
    "company": "Demivee",
    "email": "wwest1l@ehow.com",
    "phone": "60-(860)550-5393",
    "createdon": "2/22/2015"
}, {
    "id": 59,
    "name": "Brenda Price",
    "company": "Lazzy",
    "email": "bprice1m@cmu.edu",
    "phone": "57-(954)336-9249",
    "createdon": "3/1/2015"
}, {
    "id": 60,
    "name": "Melissa Reyes",
    "company": "Feedfish",
    "email": "mreyes1n@hatena.ne.jp",
    "phone": "212-(880)500-4751",
    "createdon": "5/1/2015"
}, {
    "id": 61,
    "name": "Earl Kelly",
    "company": "Quinu",
    "email": "ekelly1o@histats.com",
    "phone": "681-(386)211-2130",
    "createdon": "1/25/2015"
}, {
    "id": 62,
    "name": "Alice Meyer",
    "company": "Yozio",
    "email": "ameyer1p@mail.ru",
    "phone": "234-(424)169-3842",
    "createdon": "10/3/2015"
}, {
    "id": 63,
    "name": "Joshua Diaz",
    "company": "Meemm",
    "email": "jdiaz1q@usnews.com",
    "phone": "62-(197)725-4451",
    "createdon": "11/14/2015"
}, {
    "id": 64,
    "name": "Terry Watson",
    "company": "Devshare",
    "email": "twatson1r@hud.gov",
    "phone": "66-(589)421-8609",
    "createdon": "12/8/2014"
}, {
    "id": 65,
    "name": "Albert Ruiz",
    "company": "Pixope",
    "email": "aruiz1s@soup.io",
    "phone": "63-(949)965-6902",
    "createdon": "11/16/2015"
}, {
    "id": 66,
    "name": "Randy Williamson",
    "company": "Babbleset",
    "email": "rwilliamson1t@t-online.de",
    "phone": "62-(489)563-7439",
    "createdon": "11/27/2015"
}, {
    "id": 67,
    "name": "Raymond Alexander",
    "company": "Ozu",
    "email": "ralexander1u@google.it",
    "phone": "98-(339)367-3980",
    "createdon": "4/23/2015"
}, {
    "id": 68,
    "name": "Daniel Hughes",
    "company": "Photobug",
    "email": "dhughes1v@paypal.com",
    "phone": "33-(472)446-2117",
    "createdon": "6/25/2015"
}, {
    "id": 69,
    "name": "Louis Williamson",
    "company": "Quimm",
    "email": "lwilliamson1w@clickbank.net",
    "phone": "86-(244)162-9354",
    "createdon": "6/7/2015"
}, {
    "id": 70,
    "name": "Howard Walker",
    "company": "Yakidoo",
    "email": "hwalker1x@census.gov",
    "phone": "57-(427)907-3262",
    "createdon": "1/26/2015"
}, {
    "id": 71,
    "name": "Ryan Garza",
    "company": "Vitz",
    "email": "rgarza1y@discovery.com",
    "phone": "62-(492)948-3971",
    "createdon": "6/3/2015"
}, {
    "id": 72,
    "name": "Sharon Stewart",
    "company": "Ainyx",
    "email": "sstewart1z@seattletimes.com",
    "phone": "357-(343)289-1203",
    "createdon": "9/4/2015"
}, {
    "id": 73,
    "name": "Janice King",
    "company": "Skipstorm",
    "email": "jking20@yelp.com",
    "phone": "86-(575)193-4711",
    "createdon": "9/22/2015"
}, {
    "id": 74,
    "name": "Anne Flores",
    "company": "Oyonder",
    "email": "aflores21@latimes.com",
    "phone": "86-(681)759-6241",
    "createdon": "5/23/2015"
}, {
    "id": 75,
    "name": "Jennifer Snyder",
    "company": "Vinte",
    "email": "jsnyder22@dmoz.org",
    "phone": "48-(661)576-9843",
    "createdon": "7/3/2015"
}, {
    "id": 76,
    "name": "Louis Reed",
    "company": "Janyx",
    "email": "lreed23@cbc.ca",
    "phone": "86-(432)729-1484",
    "createdon": "4/22/2015"
}, {
    "id": 77,
    "name": "Kevin Nelson",
    "company": "Agivu",
    "email": "knelson24@wix.com",
    "phone": "62-(183)384-9795",
    "createdon": "8/13/2015"
}, {
    "id": 78,
    "name": "Lawrence Kim",
    "company": "Rhynoodle",
    "email": "lkim25@un.org",
    "phone": "86-(477)413-6745",
    "createdon": "11/15/2015"
}, {
    "id": 79,
    "name": "Jane Warren",
    "company": "Digitube",
    "email": "jwarren26@delicious.com",
    "phone": "63-(742)717-8993",
    "createdon": "1/15/2015"
}, {
    "id": 80,
    "name": "Terry Gordon",
    "company": "Kwinu",
    "email": "tgordon27@admin.ch",
    "phone": "222-(102)336-9995",
    "createdon": "5/23/2015"
}, {
    "id": 81,
    "name": "Gerald Ferguson",
    "company": "Layo",
    "email": "gferguson28@bloglovin.com",
    "phone": "66-(992)165-1570",
    "createdon": "3/31/2015"
}, {
    "id": 82,
    "name": "Scott Howard",
    "company": "Rooxo",
    "email": "showard29@hubpages.com",
    "phone": "93-(216)227-2715",
    "createdon": "12/24/2014"
}, {
    "id": 83,
    "name": "Kevin Mccoy",
    "company": "Zoozzy",
    "email": "kmccoy2a@360.cn",
    "phone": "86-(767)280-7469",
    "createdon": "8/25/2015"
}, {
    "id": 84,
    "name": "Stephen Burton",
    "company": "Skilith",
    "email": "sburton2b@wp.com",
    "phone": "30-(283)803-8574",
    "createdon": "7/15/2015"
}, {
    "id": 85,
    "name": "Frances Burns",
    "company": "Jayo",
    "email": "fburns2c@squarespace.com",
    "phone": "1-(714)679-3209",
    "createdon": "10/12/2015"
}, {
    "id": 86,
    "name": "Theresa Peterson",
    "company": "Dablist",
    "email": "tpeterson2d@eepurl.com",
    "phone": "62-(184)131-3654",
    "createdon": "4/19/2015"
}, {
    "id": 87,
    "name": "Adam Bennett",
    "company": "Roodel",
    "email": "abennett2e@4shared.com",
    "phone": "976-(870)910-0561",
    "createdon": "2/1/2015"
}, {
    "id": 88,
    "name": "Tammy Hughes",
    "company": "Jetpulse",
    "email": "thughes2f@dedecms.com",
    "phone": "86-(858)649-0433",
    "createdon": "10/31/2015"
}, {
    "id": 89,
    "name": "Jose Williamson",
    "company": "Edgeblab",
    "email": "jwilliamson2g@addthis.com",
    "phone": "351-(838)536-0838",
    "createdon": "10/4/2015"
}, {
    "id": 90,
    "name": "Clarence Johnson",
    "company": "Skynoodle",
    "email": "cjohnson2h@uol.com.br",
    "phone": "385-(825)140-9085",
    "createdon": "10/7/2015"
}, {
    "id": 91,
    "name": "Paula Hunt",
    "company": "Skiptube",
    "email": "phunt2i@smh.com.au",
    "phone": "351-(193)819-0322",
    "createdon": "7/7/2015"
}, {
    "id": 92,
    "name": "Amy Berry",
    "company": "Fiveclub",
    "email": "aberry2j@epa.gov",
    "phone": "86-(886)934-7759",
    "createdon": "5/26/2015"
}, {
    "id": 93,
    "name": "Harry Harvey",
    "company": "Gabvine",
    "email": "hharvey2k@multiply.com",
    "phone": "351-(692)959-4295",
    "createdon": "5/10/2015"
}, {
    "id": 94,
    "name": "Richard Lewis",
    "company": "Janyx",
    "email": "rlewis2l@cocolog-nifty.com",
    "phone": "351-(320)386-3806",
    "createdon": "6/27/2015"
}, {
    "id": 95,
    "name": "Angela Torres",
    "company": "Brainsphere",
    "email": "atorres2m@rediff.com",
    "phone": "55-(786)982-6317",
    "createdon": "1/18/2015"
}, {
    "id": 96,
    "name": "Terry King",
    "company": "Jayo",
    "email": "tking2n@google.it",
    "phone": "234-(595)430-7378",
    "createdon": "9/7/2015"
}, {
    "id": 97,
    "name": "Russell Green",
    "company": "Realblab",
    "email": "rgreen2o@cam.ac.uk",
    "phone": "48-(851)160-7119",
    "createdon": "2/13/2015"
}, {
    "id": 98,
    "name": "Harold Simpson",
    "company": "Youopia",
    "email": "hsimpson2p@alibaba.com",
    "phone": "351-(731)240-5634",
    "createdon": "9/27/2015"
}, {
    "id": 99,
    "name": "Patrick Perez",
    "company": "Linktype",
    "email": "pperez2q@dell.com",
    "phone": "62-(214)207-3304",
    "createdon": "1/22/2015"
}, {
    "id": 100,
    "name": "Donna Romero",
    "company": "Skiptube",
    "email": "dromero2r@oaic.gov.au",
    "phone": "962-(428)192-9129",
    "createdon": "4/7/2015"
}, {
    "id": 101,
    "name": "Angela Ford",
    "company": "Devpulse",
    "email": "aford2s@unicef.org",
    "phone": "81-(787)538-6813",
    "createdon": "4/16/2015"
}, {
    "id": 102,
    "name": "Willie Nguyen",
    "company": "Zoomdog",
    "email": "wnguyen2t@miitbeian.gov.cn",
    "phone": "7-(379)435-6098",
    "createdon": "4/12/2015"
}, {
    "id": 103,
    "name": "Andrea Alexander",
    "company": "Youopia",
    "email": "aalexander2u@furl.net",
    "phone": "235-(484)824-6589",
    "createdon": "2/8/2015"
}, {
    "id": 104,
    "name": "Clarence Russell",
    "company": "Layo",
    "email": "crussell2v@moonfruit.com",
    "phone": "33-(741)212-4549",
    "createdon": "8/31/2015"
}, {
    "id": 105,
    "name": "Joan Long",
    "company": "Vinte",
    "email": "jlong2w@instagram.com",
    "phone": "7-(333)888-7050",
    "createdon": "5/3/2015"
}, {
    "id": 106,
    "name": "Brenda Jackson",
    "company": "Miboo",
    "email": "bjackson2x@slashdot.org",
    "phone": "233-(155)865-5707",
    "createdon": "9/30/2015"
}, {
    "id": 107,
    "name": "Raymond Larson",
    "company": "Innojam",
    "email": "rlarson2y@craigslist.org",
    "phone": "48-(377)404-5594",
    "createdon": "9/16/2015"
}, {
    "id": 108,
    "name": "Jerry Sanchez",
    "company": "Fatz",
    "email": "jsanchez2z@mail.ru",
    "phone": "46-(942)973-5226",
    "createdon": "11/4/2015"
}, {
    "id": 109,
    "name": "Gloria Vasquez",
    "company": "Shuffledrive",
    "email": "gvasquez30@de.vu",
    "phone": "1-(847)574-6084",
    "createdon": "2/21/2015"
}, {
    "id": 110,
    "name": "Brenda Howard",
    "company": "BlogXS",
    "email": "bhoward31@flavors.me",
    "phone": "86-(438)992-6529",
    "createdon": "5/17/2015"
}, {
    "id": 111,
    "name": "Andrew Hunter",
    "company": "Eayo",
    "email": "ahunter32@cam.ac.uk",
    "phone": "62-(827)347-1481",
    "createdon": "2/6/2015"
}, {
    "id": 112,
    "name": "Susan Martinez",
    "company": "Oyoba",
    "email": "smartinez33@seattletimes.com",
    "phone": "81-(907)303-2644",
    "createdon": "7/18/2015"
}, {
    "id": 113,
    "name": "Michael Wilson",
    "company": "Edgetag",
    "email": "mwilson34@mapquest.com",
    "phone": "62-(198)559-5001",
    "createdon": "2/17/2015"
}, {
    "id": 114,
    "name": "Louis Baker",
    "company": "Oyoyo",
    "email": "lbaker35@cpanel.net",
    "phone": "62-(335)447-5101",
    "createdon": "6/4/2015"
}, {
    "id": 115,
    "name": "Mark Wheeler",
    "company": "Skivee",
    "email": "mwheeler36@prlog.org",
    "phone": "976-(172)675-2633",
    "createdon": "7/29/2015"
}, {
    "id": 116,
    "name": "Pamela Morris",
    "company": "Zoombox",
    "email": "pmorris37@answers.com",
    "phone": "351-(510)934-8351",
    "createdon": "4/13/2015"
}, {
    "id": 117,
    "name": "Jack Mcdonald",
    "company": "Flashpoint",
    "email": "jmcdonald38@skyrock.com",
    "phone": "387-(678)611-3387",
    "createdon": "7/16/2015"
}, {
    "id": 118,
    "name": "Joe Murray",
    "company": "Topicblab",
    "email": "jmurray39@simplemachines.org",
    "phone": "27-(432)896-0771",
    "createdon": "8/31/2015"
}, {
    "id": 119,
    "name": "Julie Hamilton",
    "company": "Photolist",
    "email": "jhamilton3a@w3.org",
    "phone": "63-(341)614-3434",
    "createdon": "1/6/2015"
}, {
    "id": 120,
    "name": "Sean Kim",
    "company": "Abata",
    "email": "skim3b@ask.com",
    "phone": "7-(454)820-8965",
    "createdon": "9/4/2015"
}, {
    "id": 121,
    "name": "Joshua Willis",
    "company": "Roombo",
    "email": "jwillis3c@thetimes.co.uk",
    "phone": "63-(615)866-2521",
    "createdon": "2/28/2015"
}, {
    "id": 122,
    "name": "Benjamin Dunn",
    "company": "Skipstorm",
    "email": "bdunn3d@netscape.com",
    "phone": "387-(103)172-8196",
    "createdon": "12/20/2014"
}, {
    "id": 123,
    "name": "Peter Marshall",
    "company": "Dynabox",
    "email": "pmarshall3e@npr.org",
    "phone": "33-(816)465-7552",
    "createdon": "2/7/2015"
}, {
    "id": 124,
    "name": "Joe Morrison",
    "company": "Thoughtmix",
    "email": "jmorrison3f@bravesites.com",
    "phone": "86-(908)716-4825",
    "createdon": "9/29/2015"
}, {
    "id": 125,
    "name": "Lawrence Nelson",
    "company": "Zoonoodle",
    "email": "lnelson3g@desdev.cn",
    "phone": "84-(446)201-1950",
    "createdon": "5/30/2015"
}, {
    "id": 126,
    "name": "Pamela Frazier",
    "company": "Dynava",
    "email": "pfrazier3h@businesswire.com",
    "phone": "31-(904)162-7404",
    "createdon": "1/9/2015"
}, {
    "id": 127,
    "name": "Joan Alvarez",
    "company": "Gigashots",
    "email": "jalvarez3i@sourceforge.net",
    "phone": "63-(385)875-4304",
    "createdon": "9/4/2015"
}, {
    "id": 128,
    "name": "Kimberly Hunt",
    "company": "Skaboo",
    "email": "khunt3j@amazon.co.uk",
    "phone": "86-(101)143-1897",
    "createdon": "9/6/2015"
}, {
    "id": 129,
    "name": "Joan Gray",
    "company": "Kwideo",
    "email": "jgray3k@furl.net",
    "phone": "257-(349)310-6085",
    "createdon": "3/8/2015"
}, {
    "id": 130,
    "name": "Katherine Berry",
    "company": "Topicstorm",
    "email": "kberry3l@amazon.com",
    "phone": "880-(164)870-6491",
    "createdon": "4/11/2015"
}, {
    "id": 131,
    "name": "Frank Mason",
    "company": "Meeveo",
    "email": "fmason3m@furl.net",
    "phone": "81-(743)335-2907",
    "createdon": "8/12/2015"
}, {
    "id": 132,
    "name": "Kenneth Jones",
    "company": "Fanoodle",
    "email": "kjones3n@phpbb.com",
    "phone": "86-(746)630-0111",
    "createdon": "7/28/2015"
}, {
    "id": 133,
    "name": "Tina Graham",
    "company": "Zoomcast",
    "email": "tgraham3o@usatoday.com",
    "phone": "54-(111)807-8076",
    "createdon": "4/17/2015"
}, {
    "id": 134,
    "name": "Alan Weaver",
    "company": "Photobean",
    "email": "aweaver3p@gizmodo.com",
    "phone": "27-(462)414-1807",
    "createdon": "5/23/2015"
}, {
    "id": 135,
    "name": "Samuel Gardner",
    "company": "Kamba",
    "email": "sgardner3q@fotki.com",
    "phone": "63-(104)986-3771",
    "createdon": "11/30/2014"
}, {
    "id": 136,
    "name": "Julie Reynolds",
    "company": "Photolist",
    "email": "jreynolds3r@senate.gov",
    "phone": "57-(969)859-0176",
    "createdon": "4/14/2015"
}, {
    "id": 137,
    "name": "Harry Stephens",
    "company": "Centidel",
    "email": "hstephens3s@vkontakte.ru",
    "phone": "62-(749)351-7590",
    "createdon": "6/2/2015"
}, {
    "id": 138,
    "name": "Benjamin Stanley",
    "company": "Kanoodle",
    "email": "bstanley3t@cnn.com",
    "phone": "86-(763)229-0360",
    "createdon": "6/25/2015"
}, {
    "id": 139,
    "name": "Steven Montgomery",
    "company": "Quinu",
    "email": "smontgomery3u@forbes.com",
    "phone": "30-(709)563-1787",
    "createdon": "2/4/2015"
}, {
    "id": 140,
    "name": "Gerald Green",
    "company": "Thoughtsphere",
    "email": "ggreen3v@ftc.gov",
    "phone": "51-(187)446-6936",
    "createdon": "6/24/2015"
}, {
    "id": 141,
    "name": "Maria Mitchell",
    "company": "Teklist",
    "email": "mmitchell3w@free.fr",
    "phone": "7-(539)405-9415",
    "createdon": "6/20/2015"
}, {
    "id": 142,
    "name": "Chris Wheeler",
    "company": "Tagcat",
    "email": "cwheeler3x@utexas.edu",
    "phone": "385-(355)768-1980",
    "createdon": "12/31/2014"
}, {
    "id": 143,
    "name": "Eric Carter",
    "company": "Jetwire",
    "email": "ecarter3y@forbes.com",
    "phone": "86-(825)446-5792",
    "createdon": "11/22/2015"
}, {
    "id": 144,
    "name": "Judith Mason",
    "company": "Realpoint",
    "email": "jmason3z@cnn.com",
    "phone": "62-(499)580-3135",
    "createdon": "10/26/2015"
}, {
    "id": 145,
    "name": "Matthew Morales",
    "company": "Jabbercube",
    "email": "mmorales40@accuweather.com",
    "phone": "62-(745)976-1003",
    "createdon": "10/29/2015"
}, {
    "id": 146,
    "name": "Terry Elliott",
    "company": "Quatz",
    "email": "telliott41@usnews.com",
    "phone": "92-(226)897-3391",
    "createdon": "11/24/2015"
}, {
    "id": 147,
    "name": "Theresa Bradley",
    "company": "Thoughtbridge",
    "email": "tbradley42@flavors.me",
    "phone": "53-(912)959-8363",
    "createdon": "1/27/2015"
}, {
    "id": 148,
    "name": "Jennifer Watson",
    "company": "Topicblab",
    "email": "jwatson43@privacy.gov.au",
    "phone": "7-(703)318-7584",
    "createdon": "7/20/2015"
}, {
    "id": 149,
    "name": "Bobby Howard",
    "company": "Lazz",
    "email": "bhoward44@paypal.com",
    "phone": "970-(645)215-9238",
    "createdon": "3/17/2015"
}, {
    "id": 150,
    "name": "Roy Cox",
    "company": "Mymm",
    "email": "rcox45@chronoengine.com",
    "phone": "86-(186)674-5838",
    "createdon": "3/16/2015"
}, {
    "id": 151,
    "name": "Bobby Bailey",
    "company": "Riffpedia",
    "email": "bbailey46@people.com.cn",
    "phone": "62-(421)230-9782",
    "createdon": "7/18/2015"
}, {
    "id": 152,
    "name": "Helen Anderson",
    "company": "Topicshots",
    "email": "handerson47@timesonline.co.uk",
    "phone": "54-(606)745-7030",
    "createdon": "9/2/2015"
}, {
    "id": 153,
    "name": "Joseph Morris",
    "company": "Meembee",
    "email": "jmorris48@narod.ru",
    "phone": "54-(693)517-9577",
    "createdon": "4/22/2015"
}, {
    "id": 154,
    "name": "Phyllis Stanley",
    "company": "Oozz",
    "email": "pstanley49@bizjournals.com",
    "phone": "62-(832)983-2492",
    "createdon": "3/20/2015"
}, {
    "id": 155,
    "name": "Scott Walker",
    "company": "Camimbo",
    "email": "swalker4a@typepad.com",
    "phone": "47-(378)469-1607",
    "createdon": "12/31/2014"
}, {
    "id": 156,
    "name": "Eugene Foster",
    "company": "Zoomzone",
    "email": "efoster4b@cyberchimps.com",
    "phone": "51-(532)994-9267",
    "createdon": "4/10/2015"
}, {
    "id": 157,
    "name": "Matthew Lynch",
    "company": "Blogtags",
    "email": "mlynch4c@cbc.ca",
    "phone": "27-(557)186-5791",
    "createdon": "7/18/2015"
}, {
    "id": 158,
    "name": "Johnny Tucker",
    "company": "Livetube",
    "email": "jtucker4d@home.pl",
    "phone": "351-(262)684-8996",
    "createdon": "6/3/2015"
}, {
    "id": 159,
    "name": "Timothy Green",
    "company": "Youspan",
    "email": "tgreen4e@tripadvisor.com",
    "phone": "46-(790)999-5144",
    "createdon": "11/9/2015"
}, {
    "id": 160,
    "name": "Debra Black",
    "company": "Twitterbridge",
    "email": "dblack4f@time.com",
    "phone": "98-(654)418-5048",
    "createdon": "12/27/2014"
}, {
    "id": 161,
    "name": "Martin Montgomery",
    "company": "Linkbuzz",
    "email": "mmontgomery4g@soundcloud.com",
    "phone": "55-(176)475-8118",
    "createdon": "4/4/2015"
}, {
    "id": 162,
    "name": "Jerry Flores",
    "company": "Kayveo",
    "email": "jflores4h@stanford.edu",
    "phone": "86-(952)779-0658",
    "createdon": "6/24/2015"
}, {
    "id": 163,
    "name": "Kimberly Nichols",
    "company": "Dynava",
    "email": "knichols4i@wp.com",
    "phone": "66-(378)817-3092",
    "createdon": "9/25/2015"
}, {
    "id": 164,
    "name": "Janet Murphy",
    "company": "Trudeo",
    "email": "jmurphy4j@wordpress.org",
    "phone": "998-(407)127-8644",
    "createdon": "1/29/2015"
}, {
    "id": 165,
    "name": "Adam Walker",
    "company": "Brainbox",
    "email": "awalker4k@blinklist.com",
    "phone": "62-(494)492-2792",
    "createdon": "3/11/2015"
}, {
    "id": 166,
    "name": "Jessica Knight",
    "company": "Meemm",
    "email": "jknight4l@dmoz.org",
    "phone": "98-(840)269-1724",
    "createdon": "5/2/2015"
}, {
    "id": 167,
    "name": "Willie Nichols",
    "company": "Eabox",
    "email": "wnichols4m@usnews.com",
    "phone": "86-(836)208-8681",
    "createdon": "2/5/2015"
}, {
    "id": 168,
    "name": "Robert Dean",
    "company": "Youspan",
    "email": "rdean4n@icq.com",
    "phone": "63-(414)750-3162",
    "createdon": "2/16/2015"
}, {
    "id": 169,
    "name": "Joseph George",
    "company": "Cogibox",
    "email": "jgeorge4o@odnoklassniki.ru",
    "phone": "62-(185)134-3336",
    "createdon": "11/14/2015"
}, {
    "id": 170,
    "name": "Margaret Morales",
    "company": "Vinder",
    "email": "mmorales4p@opera.com",
    "phone": "66-(262)420-7837",
    "createdon": "7/27/2015"
}, {
    "id": 171,
    "name": "Jane Collins",
    "company": "Buzzshare",
    "email": "jcollins4q@princeton.edu",
    "phone": "86-(311)876-0232",
    "createdon": "4/16/2015"
}, {
    "id": 172,
    "name": "John Perkins",
    "company": "Eamia",
    "email": "jperkins4r@disqus.com",
    "phone": "62-(237)939-1482",
    "createdon": "1/23/2015"
}, {
    "id": 173,
    "name": "Phyllis Mccoy",
    "company": "Blogtags",
    "email": "pmccoy4s@geocities.jp",
    "phone": "46-(129)723-6028",
    "createdon": "11/7/2015"
}, {
    "id": 174,
    "name": "Jennifer Lopez",
    "company": "Meevee",
    "email": "jlopez4t@ezinearticles.com",
    "phone": "86-(330)493-1311",
    "createdon": "4/11/2015"
}, {
    "id": 175,
    "name": "Aaron Garcia",
    "company": "Ailane",
    "email": "agarcia4u@wisc.edu",
    "phone": "970-(326)846-9979",
    "createdon": "4/27/2015"
}, {
    "id": 176,
    "name": "Emily Sims",
    "company": "Geba",
    "email": "esims4v@hatena.ne.jp",
    "phone": "507-(232)292-0775",
    "createdon": "2/6/2015"
}, {
    "id": 177,
    "name": "Julie Burke",
    "company": "Voolith",
    "email": "jburke4w@ycombinator.com",
    "phone": "27-(620)229-4309",
    "createdon": "12/4/2014"
}, {
    "id": 178,
    "name": "Carol Austin",
    "company": "Skimia",
    "email": "caustin4x@icio.us",
    "phone": "86-(290)919-7927",
    "createdon": "3/28/2015"
}, {
    "id": 179,
    "name": "Martin Schmidt",
    "company": "Midel",
    "email": "mschmidt4y@netlog.com",
    "phone": "55-(726)938-6871",
    "createdon": "1/15/2015"
}, {
    "id": 180,
    "name": "Louis Perry",
    "company": "Rhybox",
    "email": "lperry4z@youku.com",
    "phone": "375-(595)444-7920",
    "createdon": "3/2/2015"
}, {
    "id": 181,
    "name": "Aaron Flores",
    "company": "Buzzshare",
    "email": "aflores50@wikia.com",
    "phone": "86-(751)844-9157",
    "createdon": "10/12/2015"
}, {
    "id": 182,
    "name": "Raymond Harper",
    "company": "Bubblebox",
    "email": "rharper51@mashable.com",
    "phone": "86-(269)420-0993",
    "createdon": "10/28/2015"
}, {
    "id": 183,
    "name": "Tammy Fisher",
    "company": "Skyba",
    "email": "tfisher52@t-online.de",
    "phone": "86-(503)204-7965",
    "createdon": "5/11/2015"
}, {
    "id": 184,
    "name": "Alice Lopez",
    "company": "Jabbertype",
    "email": "alopez53@paypal.com",
    "phone": "86-(914)483-7417",
    "createdon": "6/15/2015"
}, {
    "id": 185,
    "name": "Timothy Burns",
    "company": "Edgeclub",
    "email": "tburns54@cornell.edu",
    "phone": "56-(465)716-8798",
    "createdon": "8/1/2015"
}, {
    "id": 186,
    "name": "Karen Gray",
    "company": "Cogibox",
    "email": "kgray55@google.com.br",
    "phone": "62-(213)697-2015",
    "createdon": "9/30/2015"
}, {
    "id": 187,
    "name": "Irene Fields",
    "company": "Leenti",
    "email": "ifields56@mozilla.com",
    "phone": "62-(769)852-2468",
    "createdon": "8/29/2015"
}, {
    "id": 188,
    "name": "Joe Burns",
    "company": "Quaxo",
    "email": "jburns57@abc.net.au",
    "phone": "86-(618)655-6323",
    "createdon": "10/12/2015"
}, {
    "id": 189,
    "name": "Benjamin Kennedy",
    "company": "Feedfish",
    "email": "bkennedy58@sciencedaily.com",
    "phone": "385-(685)977-7706",
    "createdon": "2/8/2015"
}, {
    "id": 190,
    "name": "Julia Butler",
    "company": "Zoovu",
    "email": "jbutler59@acquirethisname.com",
    "phone": "30-(724)869-2917",
    "createdon": "4/3/2015"
}, {
    "id": 191,
    "name": "Jeffrey Hunter",
    "company": "Quire",
    "email": "jhunter5a@furl.net",
    "phone": "249-(566)341-9710",
    "createdon": "4/4/2015"
}, {
    "id": 192,
    "name": "Justin Allen",
    "company": "Brainverse",
    "email": "jallen5b@storify.com",
    "phone": "51-(103)131-8685",
    "createdon": "7/26/2015"
}, {
    "id": 193,
    "name": "Jesse Cooper",
    "company": "Mydo",
    "email": "jcooper5c@indiegogo.com",
    "phone": "55-(755)519-7746",
    "createdon": "1/18/2015"
}, {
    "id": 194,
    "name": "Janice Coleman",
    "company": "Livepath",
    "email": "jcoleman5d@psu.edu",
    "phone": "358-(778)297-2271",
    "createdon": "9/9/2015"
}, {
    "id": 195,
    "name": "Anne Garza",
    "company": "Blogtags",
    "email": "agarza5e@wsj.com",
    "phone": "386-(626)548-2180",
    "createdon": "1/16/2015"
}, {
    "id": 196,
    "name": "Joshua Nguyen",
    "company": "Livetube",
    "email": "jnguyen5f@edublogs.org",
    "phone": "66-(919)478-2600",
    "createdon": "7/15/2015"
}, {
    "id": 197,
    "name": "Lillian Ward",
    "company": "Jayo",
    "email": "lward5g@cnbc.com",
    "phone": "7-(405)688-0037",
    "createdon": "7/5/2015"
}, {
    "id": 198,
    "name": "George Gray",
    "company": "Edgeblab",
    "email": "ggray5h@quantcast.com",
    "phone": "670-(905)463-3048",
    "createdon": "3/28/2015"
}, {
    "id": 199,
    "name": "Joyce Freeman",
    "company": "Oba",
    "email": "jfreeman5i@netvibes.com",
    "phone": "351-(130)455-0779",
    "createdon": "12/22/2014"
}, {
    "id": 200,
    "name": "Lois Lawrence",
    "company": "Voolith",
    "email": "llawrence5j@webmd.com",
    "phone": "7-(401)497-4076",
    "createdon": "1/8/2015"
}, {
    "id": 201,
    "name": "Richard Jenkins",
    "company": "Linkbuzz",
    "email": "rjenkins5k@scientificamerican.com",
    "phone": "420-(104)738-9147",
    "createdon": "8/9/2015"
}, {
    "id": 202,
    "name": "Evelyn Turner",
    "company": "Realcube",
    "email": "eturner5l@omniture.com",
    "phone": "372-(266)975-6850",
    "createdon": "5/27/2015"
}, {
    "id": 203,
    "name": "Christina Turner",
    "company": "Flashpoint",
    "email": "cturner5m@rediff.com",
    "phone": "972-(321)391-8604",
    "createdon": "7/2/2015"
}, {
    "id": 204,
    "name": "Elizabeth White",
    "company": "Lazzy",
    "email": "ewhite5n@wix.com",
    "phone": "63-(587)354-9647",
    "createdon": "2/15/2015"
}, {
    "id": 205,
    "name": "Paul Fields",
    "company": "Devbug",
    "email": "pfields5o@bizjournals.com",
    "phone": "44-(975)762-1040",
    "createdon": "8/22/2015"
}, {
    "id": 206,
    "name": "Joan Garza",
    "company": "Dynabox",
    "email": "jgarza5p@shinystat.com",
    "phone": "386-(705)984-7768",
    "createdon": "9/23/2015"
}, {
    "id": 207,
    "name": "Tammy Mcdonald",
    "company": "Photofeed",
    "email": "tmcdonald5q@cbsnews.com",
    "phone": "7-(200)119-1991",
    "createdon": "10/28/2015"
}, {
    "id": 208,
    "name": "Martha Ford",
    "company": "Babbleblab",
    "email": "mford5r@businessweek.com",
    "phone": "1-(353)262-8973",
    "createdon": "10/25/2015"
}, {
    "id": 209,
    "name": "Ruth Burns",
    "company": "Browsedrive",
    "email": "rburns5s@hatena.ne.jp",
    "phone": "351-(302)760-3645",
    "createdon": "10/27/2015"
}, {
    "id": 210,
    "name": "Brian Johnston",
    "company": "Ailane",
    "email": "bjohnston5t@skyrock.com",
    "phone": "86-(306)414-3226",
    "createdon": "2/7/2015"
}, {
    "id": 211,
    "name": "Michelle Garza",
    "company": "Thoughtstorm",
    "email": "mgarza5u@skype.com",
    "phone": "7-(779)928-5562",
    "createdon": "7/14/2015"
}, {
    "id": 212,
    "name": "Justin King",
    "company": "JumpXS",
    "email": "jking5v@lycos.com",
    "phone": "593-(558)137-9003",
    "createdon": "9/27/2015"
}, {
    "id": 213,
    "name": "Sharon Brooks",
    "company": "Wordpedia",
    "email": "sbrooks5w@uol.com.br",
    "phone": "212-(336)277-2330",
    "createdon": "10/22/2015"
}, {
    "id": 214,
    "name": "Judy Frazier",
    "company": "Buzzster",
    "email": "jfrazier5x@pen.io",
    "phone": "7-(380)836-4363",
    "createdon": "6/28/2015"
}, {
    "id": 215,
    "name": "Betty Woods",
    "company": "Pixoboo",
    "email": "bwoods5y@soup.io",
    "phone": "48-(291)107-3940",
    "createdon": "3/19/2015"
}, {
    "id": 216,
    "name": "Sean Kelly",
    "company": "Ailane",
    "email": "skelly5z@webeden.co.uk",
    "phone": "63-(660)343-6607",
    "createdon": "1/5/2015"
}, {
    "id": 217,
    "name": "Teresa Mills",
    "company": "Realbuzz",
    "email": "tmills60@tripod.com",
    "phone": "63-(417)724-9779",
    "createdon": "8/13/2015"
}, {
    "id": 218,
    "name": "Melissa Reynolds",
    "company": "Skibox",
    "email": "mreynolds61@tamu.edu",
    "phone": "55-(187)947-4105",
    "createdon": "9/20/2015"
}, {
    "id": 219,
    "name": "Arthur Carpenter",
    "company": "Devbug",
    "email": "acarpenter62@patch.com",
    "phone": "1-(757)996-1003",
    "createdon": "9/24/2015"
}, {
    "id": 220,
    "name": "Barbara Garrett",
    "company": "Mudo",
    "email": "bgarrett63@businessweek.com",
    "phone": "62-(177)323-0471",
    "createdon": "7/30/2015"
}, {
    "id": 221,
    "name": "Sean Lawson",
    "company": "Meetz",
    "email": "slawson64@tinypic.com",
    "phone": "62-(203)560-4352",
    "createdon": "6/18/2015"
}, {
    "id": 222,
    "name": "Jonathan Woods",
    "company": "Zoozzy",
    "email": "jwoods65@amazon.co.uk",
    "phone": "62-(846)225-0398",
    "createdon": "4/7/2015"
}, {
    "id": 223,
    "name": "Philip Gonzales",
    "company": "Linkbridge",
    "email": "pgonzales66@cornell.edu",
    "phone": "7-(153)199-3364",
    "createdon": "1/27/2015"
}, {
    "id": 224,
    "name": "Robert Edwards",
    "company": "Youopia",
    "email": "redwards67@wikipedia.org",
    "phone": "57-(155)632-7777",
    "createdon": "2/19/2015"
}, {
    "id": 225,
    "name": "Janice Willis",
    "company": "InnoZ",
    "email": "jwillis68@discovery.com",
    "phone": "998-(339)903-8431",
    "createdon": "12/17/2014"
}, {
    "id": 226,
    "name": "Robert Diaz",
    "company": "Tagopia",
    "email": "rdiaz69@tuttocitta.it",
    "phone": "47-(187)114-7452",
    "createdon": "7/15/2015"
}, {
    "id": 227,
    "name": "John Williams",
    "company": "Skaboo",
    "email": "jwilliams6a@zimbio.com",
    "phone": "420-(412)175-9110",
    "createdon": "5/16/2015"
}, {
    "id": 228,
    "name": "Timothy Rodriguez",
    "company": "Cogidoo",
    "email": "trodriguez6b@wordpress.com",
    "phone": "62-(744)380-2155",
    "createdon": "2/8/2015"
}, {
    "id": 229,
    "name": "Frances Kelley",
    "company": "Gabvine",
    "email": "fkelley6c@google.com.br",
    "phone": "30-(246)217-3685",
    "createdon": "8/28/2015"
}, {
    "id": 230,
    "name": "Christopher Powell",
    "company": "Topdrive",
    "email": "cpowell6d@wikia.com",
    "phone": "93-(245)577-8766",
    "createdon": "3/7/2015"
}, {
    "id": 231,
    "name": "Jesse Johnson",
    "company": "Voonte",
    "email": "jjohnson6e@bing.com",
    "phone": "385-(238)112-5445",
    "createdon": "5/26/2015"
}, {
    "id": 232,
    "name": "Catherine Hansen",
    "company": "Devshare",
    "email": "chansen6f@nih.gov",
    "phone": "39-(989)473-8245",
    "createdon": "4/5/2015"
}, {
    "id": 233,
    "name": "Janet Wood",
    "company": "Vitz",
    "email": "jwood6g@wikia.com",
    "phone": "86-(256)898-1150",
    "createdon": "8/7/2015"
}, {
    "id": 234,
    "name": "Sandra Perkins",
    "company": "Wikibox",
    "email": "sperkins6h@hao123.com",
    "phone": "374-(329)268-6756",
    "createdon": "12/25/2014"
}, {
    "id": 235,
    "name": "Arthur Green",
    "company": "DabZ",
    "email": "agreen6i@zimbio.com",
    "phone": "691-(539)841-0613",
    "createdon": "6/26/2015"
}, {
    "id": 236,
    "name": "Julie Perkins",
    "company": "Edgeblab",
    "email": "jperkins6j@soundcloud.com",
    "phone": "61-(141)736-5381",
    "createdon": "7/16/2015"
}, {
    "id": 237,
    "name": "Chris Ramirez",
    "company": "Flashdog",
    "email": "cramirez6k@cyberchimps.com",
    "phone": "66-(588)366-1023",
    "createdon": "1/1/2015"
}, {
    "id": 238,
    "name": "Brian Stephens",
    "company": "Brainbox",
    "email": "bstephens6l@usnews.com",
    "phone": "55-(966)674-9711",
    "createdon": "4/29/2015"
}, {
    "id": 239,
    "name": "Timothy Sanders",
    "company": "Edgeblab",
    "email": "tsanders6m@aboutads.info",
    "phone": "216-(685)800-7930",
    "createdon": "7/26/2015"
}, {
    "id": 240,
    "name": "Tammy Allen",
    "company": "Innojam",
    "email": "tallen6n@columbia.edu",
    "phone": "420-(642)496-1098",
    "createdon": "12/29/2014"
}, {
    "id": 241,
    "name": "Gregory Jenkins",
    "company": "Ainyx",
    "email": "gjenkins6o@si.edu",
    "phone": "351-(486)872-6848",
    "createdon": "7/24/2015"
}, {
    "id": 242,
    "name": "Kathy Burke",
    "company": "Digitube",
    "email": "kburke6p@msn.com",
    "phone": "63-(658)189-1248",
    "createdon": "1/4/2015"
}, {
    "id": 243,
    "name": "Bruce Austin",
    "company": "Rhyloo",
    "email": "baustin6q@globo.com",
    "phone": "420-(921)487-6208",
    "createdon": "5/18/2015"
}, {
    "id": 244,
    "name": "Robin Nelson",
    "company": "Feedmix",
    "email": "rnelson6r@squidoo.com",
    "phone": "86-(438)922-6112",
    "createdon": "12/23/2014"
}, {
    "id": 245,
    "name": "Jerry Fisher",
    "company": "Thoughtmix",
    "email": "jfisher6s@multiply.com",
    "phone": "86-(864)247-8447",
    "createdon": "10/18/2015"
}, {
    "id": 246,
    "name": "Joe Carpenter",
    "company": "Wikizz",
    "email": "jcarpenter6t@smugmug.com",
    "phone": "62-(367)913-9818",
    "createdon": "4/10/2015"
}, {
    "id": 247,
    "name": "Bonnie Matthews",
    "company": "Rhybox",
    "email": "bmatthews6u@eventbrite.com",
    "phone": "7-(762)338-5707",
    "createdon": "11/15/2015"
}, {
    "id": 248,
    "name": "Christopher Ruiz",
    "company": "Oyoyo",
    "email": "cruiz6v@twitpic.com",
    "phone": "86-(487)551-8675",
    "createdon": "10/17/2015"
}, {
    "id": 249,
    "name": "Wanda Hunter",
    "company": "Zoombeat",
    "email": "whunter6w@nyu.edu",
    "phone": "62-(428)451-2639",
    "createdon": "12/14/2014"
}, {
    "id": 250,
    "name": "Rachel Nichols",
    "company": "Skinder",
    "email": "rnichols6x@oracle.com",
    "phone": "94-(609)826-1520",
    "createdon": "2/16/2015"
}, {
    "id": 251,
    "name": "Heather Jenkins",
    "company": "Dynabox",
    "email": "hjenkins6y@census.gov",
    "phone": "33-(718)388-6214",
    "createdon": "12/24/2014"
}, {
    "id": 252,
    "name": "Carolyn Ferguson",
    "company": "Jaxworks",
    "email": "cferguson6z@va.gov",
    "phone": "55-(860)289-3230",
    "createdon": "7/1/2015"
}, {
    "id": 253,
    "name": "Arthur Johnston",
    "company": "Skinder",
    "email": "ajohnston70@howstuffworks.com",
    "phone": "86-(358)904-1745",
    "createdon": "12/21/2014"
}, {
    "id": 254,
    "name": "Jacqueline Bowman",
    "company": "DabZ",
    "email": "jbowman71@hao123.com",
    "phone": "351-(290)878-7661",
    "createdon": "11/27/2015"
}, {
    "id": 255,
    "name": "Harold Mendoza",
    "company": "Abatz",
    "email": "hmendoza72@examiner.com",
    "phone": "1-(212)901-9856",
    "createdon": "7/23/2015"
}, {
    "id": 256,
    "name": "Sara Grant",
    "company": "Katz",
    "email": "sgrant73@aboutads.info",
    "phone": "48-(906)656-5520",
    "createdon": "3/3/2015"
}, {
    "id": 257,
    "name": "Ernest Smith",
    "company": "Skinix",
    "email": "esmith74@yahoo.com",
    "phone": "355-(266)756-3299",
    "createdon": "1/1/2015"
}, {
    "id": 258,
    "name": "Pamela Knight",
    "company": "Eazzy",
    "email": "pknight75@psu.edu",
    "phone": "63-(808)917-3153",
    "createdon": "1/29/2015"
}, {
    "id": 259,
    "name": "Beverly Baker",
    "company": "Yozio",
    "email": "bbaker76@bloglovin.com",
    "phone": "62-(425)139-9624",
    "createdon": "1/5/2015"
}, {
    "id": 260,
    "name": "Harold Hunt",
    "company": "Skibox",
    "email": "hhunt77@ox.ac.uk",
    "phone": "1-(952)608-0546",
    "createdon": "3/1/2015"
}, {
    "id": 261,
    "name": "Sandra Anderson",
    "company": "Miboo",
    "email": "sanderson78@amazon.co.uk",
    "phone": "7-(685)366-3232",
    "createdon": "8/4/2015"
}, {
    "id": 262,
    "name": "Karen Garrett",
    "company": "Eadel",
    "email": "kgarrett79@google.com.br",
    "phone": "7-(372)497-2705",
    "createdon": "10/31/2015"
}, {
    "id": 263,
    "name": "Pamela Porter",
    "company": "Tagpad",
    "email": "pporter7a@xinhuanet.com",
    "phone": "355-(575)919-6046",
    "createdon": "10/6/2015"
}, {
    "id": 264,
    "name": "Christopher Smith",
    "company": "Dabvine",
    "email": "csmith7b@google.ca",
    "phone": "55-(964)881-5701",
    "createdon": "4/17/2015"
}, {
    "id": 265,
    "name": "Gloria Welch",
    "company": "Rooxo",
    "email": "gwelch7c@elpais.com",
    "phone": "62-(493)115-7352",
    "createdon": "4/24/2015"
}, {
    "id": 266,
    "name": "Melissa Harvey",
    "company": "Tagcat",
    "email": "mharvey7d@cargocollective.com",
    "phone": "62-(117)609-7256",
    "createdon": "4/25/2015"
}, {
    "id": 267,
    "name": "Christina Henry",
    "company": "Lajo",
    "email": "chenry7e@google.com",
    "phone": "965-(578)511-6101",
    "createdon": "1/4/2015"
}, {
    "id": 268,
    "name": "Scott Garrett",
    "company": "Yodel",
    "email": "sgarrett7f@rambler.ru",
    "phone": "7-(590)906-7148",
    "createdon": "2/23/2015"
}, {
    "id": 269,
    "name": "Thomas Daniels",
    "company": "Thoughtmix",
    "email": "tdaniels7g@clickbank.net",
    "phone": "351-(418)158-1040",
    "createdon": "10/26/2015"
}, {
    "id": 270,
    "name": "Thomas Barnes",
    "company": "Fivebridge",
    "email": "tbarnes7h@disqus.com",
    "phone": "62-(671)186-5376",
    "createdon": "4/4/2015"
}, {
    "id": 271,
    "name": "Carlos Bailey",
    "company": "Miboo",
    "email": "cbailey7i@google.co.jp",
    "phone": "55-(714)194-3157",
    "createdon": "10/27/2015"
}, {
    "id": 272,
    "name": "Victor Reyes",
    "company": "Realpoint",
    "email": "vreyes7j@issuu.com",
    "phone": "66-(452)367-5936",
    "createdon": "1/26/2015"
}, {
    "id": 273,
    "name": "Martin Williams",
    "company": "Ainyx",
    "email": "mwilliams7k@icq.com",
    "phone": "48-(227)273-0765",
    "createdon": "7/12/2015"
}, {
    "id": 274,
    "name": "Mark Warren",
    "company": "Roombo",
    "email": "mwarren7l@webeden.co.uk",
    "phone": "55-(747)342-5572",
    "createdon": "9/14/2015"
}, {
    "id": 275,
    "name": "Judy Harrison",
    "company": "Meemm",
    "email": "jharrison7m@aol.com",
    "phone": "420-(187)714-6107",
    "createdon": "9/12/2015"
}, {
    "id": 276,
    "name": "Larry Jordan",
    "company": "Twitterlist",
    "email": "ljordan7n@hao123.com",
    "phone": "7-(528)410-9225",
    "createdon": "8/1/2015"
}, {
    "id": 277,
    "name": "Lori Greene",
    "company": "Trilith",
    "email": "lgreene7o@360.cn",
    "phone": "62-(990)736-8146",
    "createdon": "11/28/2015"
}, {
    "id": 278,
    "name": "Alan Foster",
    "company": "Avamba",
    "email": "afoster7p@yellowbook.com",
    "phone": "30-(437)578-3068",
    "createdon": "9/1/2015"
}, {
    "id": 279,
    "name": "Deborah Ferguson",
    "company": "Avavee",
    "email": "dferguson7q@deliciousdays.com",
    "phone": "7-(509)111-5855",
    "createdon": "4/14/2015"
}, {
    "id": 280,
    "name": "Dennis Fowler",
    "company": "Shufflebeat",
    "email": "dfowler7r@imgur.com",
    "phone": "62-(975)213-1925",
    "createdon": "11/4/2015"
}, {
    "id": 281,
    "name": "David Sanders",
    "company": "Oyope",
    "email": "dsanders7s@discuz.net",
    "phone": "62-(147)738-6494",
    "createdon": "8/1/2015"
}, {
    "id": 282,
    "name": "Alan Mason",
    "company": "Kaymbo",
    "email": "amason7t@wikipedia.org",
    "phone": "880-(317)298-1501",
    "createdon": "3/17/2015"
}, {
    "id": 283,
    "name": "Christine Black",
    "company": "Quimba",
    "email": "cblack7u@constantcontact.com",
    "phone": "962-(618)751-7272",
    "createdon": "2/13/2015"
}, {
    "id": 284,
    "name": "Alice Morgan",
    "company": "Skinder",
    "email": "amorgan7v@nasa.gov",
    "phone": "49-(507)970-3070",
    "createdon": "12/17/2014"
}, {
    "id": 285,
    "name": "Maria Long",
    "company": "Skalith",
    "email": "mlong7w@lycos.com",
    "phone": "62-(782)460-9812",
    "createdon": "1/22/2015"
}, {
    "id": 286,
    "name": "Jean Bell",
    "company": "Avavee",
    "email": "jbell7x@hubpages.com",
    "phone": "62-(784)581-2233",
    "createdon": "4/13/2015"
}, {
    "id": 287,
    "name": "Pamela Baker",
    "company": "Shufflebeat",
    "email": "pbaker7y@seesaa.net",
    "phone": "86-(414)824-3920",
    "createdon": "5/7/2015"
}, {
    "id": 288,
    "name": "Katherine Moore",
    "company": "Shufflebeat",
    "email": "kmoore7z@typepad.com",
    "phone": "86-(545)910-4150",
    "createdon": "11/4/2015"
}, {
    "id": 289,
    "name": "Mark Flores",
    "company": "Jabberbean",
    "email": "mflores80@wsj.com",
    "phone": "86-(806)247-0478",
    "createdon": "4/16/2015"
}, {
    "id": 290,
    "name": "Joshua Reid",
    "company": "Vitz",
    "email": "jreid81@bandcamp.com",
    "phone": "46-(666)551-0244",
    "createdon": "12/30/2014"
}, {
    "id": 291,
    "name": "Jonathan Phillips",
    "company": "Yodo",
    "email": "jphillips82@yahoo.co.jp",
    "phone": "86-(125)419-6842",
    "createdon": "2/22/2015"
}, {
    "id": 292,
    "name": "Antonio Torres",
    "company": "Meeveo",
    "email": "atorres83@devhub.com",
    "phone": "62-(291)523-5456",
    "createdon": "4/6/2015"
}, {
    "id": 293,
    "name": "Steve Price",
    "company": "Twinte",
    "email": "sprice84@wordpress.org",
    "phone": "1-(512)350-4989",
    "createdon": "4/15/2015"
}, {
    "id": 294,
    "name": "Paula Peterson",
    "company": "Kazu",
    "email": "ppeterson85@opera.com",
    "phone": "62-(809)547-6147",
    "createdon": "2/8/2015"
}, {
    "id": 295,
    "name": "Marilyn Gordon",
    "company": "Avamm",
    "email": "mgordon86@icq.com",
    "phone": "1-(276)749-1423",
    "createdon": "9/28/2015"
}, {
    "id": 296,
    "name": "Scott Ford",
    "company": "Skyble",
    "email": "sford87@bbb.org",
    "phone": "7-(250)736-0135",
    "createdon": "3/27/2015"
}, {
    "id": 297,
    "name": "Richard Matthews",
    "company": "Livepath",
    "email": "rmatthews88@photobucket.com",
    "phone": "62-(166)363-2080",
    "createdon": "6/13/2015"
}, {
    "id": 298,
    "name": "Carl Robertson",
    "company": "Gabtune",
    "email": "crobertson89@gizmodo.com",
    "phone": "84-(778)912-3106",
    "createdon": "5/28/2015"
}, {
    "id": 299,
    "name": "Carolyn Burton",
    "company": "Youspan",
    "email": "cburton8a@dedecms.com",
    "phone": "81-(416)849-7880",
    "createdon": "8/1/2015"
}, {
    "id": 300,
    "name": "Rose Nguyen",
    "company": "Meevee",
    "email": "rnguyen8b@a8.net",
    "phone": "355-(623)912-7523",
    "createdon": "7/3/2015"
}, {
    "id": 301,
    "name": "Doris Franklin",
    "company": "Mydo",
    "email": "dfranklin8c@ovh.net",
    "phone": "55-(539)977-7739",
    "createdon": "5/24/2015"
}, {
    "id": 302,
    "name": "Carl Medina",
    "company": "Mymm",
    "email": "cmedina8d@linkedin.com",
    "phone": "86-(568)823-0091",
    "createdon": "5/14/2015"
}, {
    "id": 303,
    "name": "Debra Wagner",
    "company": "Avamm",
    "email": "dwagner8e@fastcompany.com",
    "phone": "86-(745)902-5178",
    "createdon": "5/8/2015"
}, {
    "id": 304,
    "name": "Judy Gordon",
    "company": "Kwideo",
    "email": "jgordon8f@google.nl",
    "phone": "66-(517)861-4214",
    "createdon": "7/27/2015"
}, {
    "id": 305,
    "name": "Jane Turner",
    "company": "Yoveo",
    "email": "jturner8g@github.com",
    "phone": "1-(413)336-7463",
    "createdon": "9/13/2015"
}, {
    "id": 306,
    "name": "Gloria Burton",
    "company": "Topicware",
    "email": "gburton8h@huffingtonpost.com",
    "phone": "504-(704)441-4079",
    "createdon": "12/10/2014"
}, {
    "id": 307,
    "name": "Jennifer Perkins",
    "company": "Jaxspan",
    "email": "jperkins8i@purevolume.com",
    "phone": "234-(784)214-7248",
    "createdon": "12/7/2014"
}, {
    "id": 308,
    "name": "Harold Garrett",
    "company": "Wikido",
    "email": "hgarrett8j@spiegel.de",
    "phone": "7-(420)645-2391",
    "createdon": "11/19/2015"
}, {
    "id": 309,
    "name": "Kathryn Morales",
    "company": "Yadel",
    "email": "kmorales8k@umich.edu",
    "phone": "242-(952)816-0908",
    "createdon": "3/11/2015"
}, {
    "id": 310,
    "name": "Victor George",
    "company": "Yoveo",
    "email": "vgeorge8l@i2i.jp",
    "phone": "46-(279)846-4684",
    "createdon": "6/14/2015"
}, {
    "id": 311,
    "name": "George Chavez",
    "company": "Edgeclub",
    "email": "gchavez8m@vistaprint.com",
    "phone": "57-(106)882-5687",
    "createdon": "1/30/2015"
}, {
    "id": 312,
    "name": "Ernest West",
    "company": "Meedoo",
    "email": "ewest8n@friendfeed.com",
    "phone": "420-(524)615-8783",
    "createdon": "5/25/2015"
}, {
    "id": 313,
    "name": "Jonathan Miller",
    "company": "Skinte",
    "email": "jmiller8o@indiatimes.com",
    "phone": "86-(213)635-6806",
    "createdon": "9/20/2015"
}, {
    "id": 314,
    "name": "Debra Hicks",
    "company": "Ntags",
    "email": "dhicks8p@hexun.com",
    "phone": "380-(459)240-3344",
    "createdon": "11/15/2015"
}, {
    "id": 315,
    "name": "Pamela Andrews",
    "company": "Yamia",
    "email": "pandrews8q@geocities.com",
    "phone": "62-(171)155-1455",
    "createdon": "11/5/2015"
}, {
    "id": 316,
    "name": "Sara Stanley",
    "company": "Quimm",
    "email": "sstanley8r@ihg.com",
    "phone": "1-(238)379-5781",
    "createdon": "9/20/2015"
}, {
    "id": 317,
    "name": "Carlos Arnold",
    "company": "Myworks",
    "email": "carnold8s@blogtalkradio.com",
    "phone": "30-(835)818-6910",
    "createdon": "4/9/2015"
}, {
    "id": 318,
    "name": "Carl Reid",
    "company": "Bubblebox",
    "email": "creid8t@deviantart.com",
    "phone": "225-(428)760-6111",
    "createdon": "12/13/2014"
}, {
    "id": 319,
    "name": "Denise Green",
    "company": "Skipfire",
    "email": "dgreen8u@addtoany.com",
    "phone": "48-(523)726-3851",
    "createdon": "11/24/2015"
}, {
    "id": 320,
    "name": "Kevin Olson",
    "company": "Yodel",
    "email": "kolson8v@i2i.jp",
    "phone": "33-(943)592-5937",
    "createdon": "1/8/2015"
}, {
    "id": 321,
    "name": "Todd Bailey",
    "company": "Bubbletube",
    "email": "tbailey8w@spiegel.de",
    "phone": "86-(854)647-2318",
    "createdon": "12/6/2014"
}, {
    "id": 322,
    "name": "Doris Harper",
    "company": "Devify",
    "email": "dharper8x@telegraph.co.uk",
    "phone": "63-(997)804-9120",
    "createdon": "10/17/2015"
}, {
    "id": 323,
    "name": "Janet Porter",
    "company": "Viva",
    "email": "jporter8y@ed.gov",
    "phone": "7-(411)398-6896",
    "createdon": "12/18/2014"
}, {
    "id": 324,
    "name": "Ruth Marshall",
    "company": "Aimbo",
    "email": "rmarshall8z@blogtalkradio.com",
    "phone": "357-(560)342-4211",
    "createdon": "2/26/2015"
}, {
    "id": 325,
    "name": "Ashley Gomez",
    "company": "Mycat",
    "email": "agomez90@independent.co.uk",
    "phone": "269-(474)475-9796",
    "createdon": "10/7/2015"
}, {
    "id": 326,
    "name": "Richard Elliott",
    "company": "Twitterbeat",
    "email": "relliott91@tiny.cc",
    "phone": "46-(460)617-9306",
    "createdon": "1/26/2015"
}, {
    "id": 327,
    "name": "Catherine Hall",
    "company": "Yoveo",
    "email": "chall92@nih.gov",
    "phone": "62-(601)685-4168",
    "createdon": "1/16/2015"
}, {
    "id": 328,
    "name": "Jessica Wheeler",
    "company": "Buzzshare",
    "email": "jwheeler93@live.com",
    "phone": "507-(853)206-4526",
    "createdon": "1/9/2015"
}, {
    "id": 329,
    "name": "Martin Palmer",
    "company": "Browsedrive",
    "email": "mpalmer94@wordpress.com",
    "phone": "57-(657)684-3106",
    "createdon": "11/4/2015"
}, {
    "id": 330,
    "name": "Linda Sullivan",
    "company": "Twitterbridge",
    "email": "lsullivan95@pagesperso-orange.fr",
    "phone": "33-(989)601-6889",
    "createdon": "9/23/2015"
}, {
    "id": 331,
    "name": "Lawrence Simpson",
    "company": "Feedbug",
    "email": "lsimpson96@dailymail.co.uk",
    "phone": "372-(377)748-8960",
    "createdon": "7/11/2015"
}, {
    "id": 332,
    "name": "Ruby Stone",
    "company": "Yozio",
    "email": "rstone97@techcrunch.com",
    "phone": "48-(952)195-6285",
    "createdon": "12/31/2014"
}, {
    "id": 333,
    "name": "Matthew Richardson",
    "company": "Jetpulse",
    "email": "mrichardson98@gov.uk",
    "phone": "47-(677)869-3450",
    "createdon": "10/6/2015"
}, {
    "id": 334,
    "name": "Virginia Sims",
    "company": "Zoomdog",
    "email": "vsims99@fc2.com",
    "phone": "55-(508)366-7603",
    "createdon": "2/27/2015"
}, {
    "id": 335,
    "name": "Ernest Parker",
    "company": "Browsedrive",
    "email": "eparker9a@sciencedirect.com",
    "phone": "86-(863)481-6434",
    "createdon": "7/9/2015"
}, {
    "id": 336,
    "name": "Susan Schmidt",
    "company": "Edgetag",
    "email": "sschmidt9b@kickstarter.com",
    "phone": "57-(384)473-2233",
    "createdon": "10/16/2015"
}, {
    "id": 337,
    "name": "Shawn Wright",
    "company": "Myworks",
    "email": "swright9c@rakuten.co.jp",
    "phone": "351-(340)719-9670",
    "createdon": "1/15/2015"
}, {
    "id": 338,
    "name": "Gary Harper",
    "company": "Eadel",
    "email": "gharper9d@yahoo.com",
    "phone": "62-(351)541-3300",
    "createdon": "4/21/2015"
}, {
    "id": 339,
    "name": "Sara Nelson",
    "company": "Zoomcast",
    "email": "snelson9e@linkedin.com",
    "phone": "30-(246)823-3263",
    "createdon": "11/20/2015"
}, {
    "id": 340,
    "name": "Tammy Gordon",
    "company": "Rhycero",
    "email": "tgordon9f@whitehouse.gov",
    "phone": "256-(513)465-6130",
    "createdon": "5/2/2015"
}, {
    "id": 341,
    "name": "Helen Weaver",
    "company": "Yodel",
    "email": "hweaver9g@networksolutions.com",
    "phone": "34-(316)534-0366",
    "createdon": "12/3/2014"
}, {
    "id": 342,
    "name": "Dorothy Riley",
    "company": "Kwimbee",
    "email": "driley9h@ow.ly",
    "phone": "62-(216)322-2996",
    "createdon": "8/5/2015"
}, {
    "id": 343,
    "name": "Denise Adams",
    "company": "Cogibox",
    "email": "dadams9i@blogger.com",
    "phone": "1-(947)583-7012",
    "createdon": "12/6/2014"
}, {
    "id": 344,
    "name": "Kathleen Green",
    "company": "Cogilith",
    "email": "kgreen9j@ox.ac.uk",
    "phone": "7-(903)953-9901",
    "createdon": "5/26/2015"
}, {
    "id": 345,
    "name": "Jose Hall",
    "company": "Dabtype",
    "email": "jhall9k@yellowpages.com",
    "phone": "351-(403)508-6976",
    "createdon": "1/6/2015"
}, {
    "id": 346,
    "name": "Heather Rodriguez",
    "company": "Skyba",
    "email": "hrodriguez9l@mlb.com",
    "phone": "63-(306)479-6950",
    "createdon": "7/14/2015"
}, {
    "id": 347,
    "name": "Julie Harper",
    "company": "Devshare",
    "email": "jharper9m@sakura.ne.jp",
    "phone": "223-(230)503-9936",
    "createdon": "3/2/2015"
}, {
    "id": 348,
    "name": "Steve Bradley",
    "company": "Realcube",
    "email": "sbradley9n@feedburner.com",
    "phone": "86-(211)493-4862",
    "createdon": "10/6/2015"
}, {
    "id": 349,
    "name": "Shawn Marshall",
    "company": "Yodo",
    "email": "smarshall9o@zdnet.com",
    "phone": "380-(434)152-2494",
    "createdon": "2/22/2015"
}, {
    "id": 350,
    "name": "Billy Webb",
    "company": "Eabox",
    "email": "bwebb9p@yahoo.com",
    "phone": "46-(106)192-0297",
    "createdon": "10/21/2015"
}, {
    "id": 351,
    "name": "Kimberly Griffin",
    "company": "Quatz",
    "email": "kgriffin9q@qq.com",
    "phone": "86-(961)249-1672",
    "createdon": "8/19/2015"
}, {
    "id": 352,
    "name": "Janice Hayes",
    "company": "Oozz",
    "email": "jhayes9r@netscape.com",
    "phone": "7-(435)643-1669",
    "createdon": "11/22/2015"
}, {
    "id": 353,
    "name": "Margaret Ellis",
    "company": "Yakitri",
    "email": "mellis9s@nature.com",
    "phone": "46-(257)769-8594",
    "createdon": "8/8/2015"
}, {
    "id": 354,
    "name": "Roger Cox",
    "company": "Dazzlesphere",
    "email": "rcox9t@theatlantic.com",
    "phone": "86-(278)348-9792",
    "createdon": "2/16/2015"
}, {
    "id": 355,
    "name": "Patricia Martin",
    "company": "JumpXS",
    "email": "pmartin9u@wiley.com",
    "phone": "86-(416)763-3600",
    "createdon": "7/13/2015"
}, {
    "id": 356,
    "name": "Lois Sims",
    "company": "Yakijo",
    "email": "lsims9v@symantec.com",
    "phone": "381-(177)856-2583",
    "createdon": "6/7/2015"
}, {
    "id": 357,
    "name": "Sandra Jacobs",
    "company": "Bubblemix",
    "email": "sjacobs9w@ucla.edu",
    "phone": "63-(687)633-6989",
    "createdon": "11/30/2014"
}, {
    "id": 358,
    "name": "Harold Riley",
    "company": "Trudeo",
    "email": "hriley9x@gmpg.org",
    "phone": "51-(418)173-2714",
    "createdon": "6/28/2015"
}, {
    "id": 359,
    "name": "Donna Harper",
    "company": "Brainverse",
    "email": "dharper9y@cdc.gov",
    "phone": "234-(942)513-6332",
    "createdon": "4/29/2015"
}, {
    "id": 360,
    "name": "Samuel Mason",
    "company": "Centimia",
    "email": "smason9z@adobe.com",
    "phone": "7-(160)392-4765",
    "createdon": "6/5/2015"
}, {
    "id": 361,
    "name": "Eugene Sims",
    "company": "Skyvu",
    "email": "esimsa0@opera.com",
    "phone": "216-(869)732-2608",
    "createdon": "3/1/2015"
}, {
    "id": 362,
    "name": "Theresa Sims",
    "company": "Twimm",
    "email": "tsimsa1@trellian.com",
    "phone": "86-(820)937-7551",
    "createdon": "10/6/2015"
}, {
    "id": 363,
    "name": "Sharon Wells",
    "company": "Geba",
    "email": "swellsa2@acquirethisname.com",
    "phone": "46-(603)754-8042",
    "createdon": "2/21/2015"
}, {
    "id": 364,
    "name": "Paula Owens",
    "company": "Mynte",
    "email": "powensa3@imgur.com",
    "phone": "63-(963)574-2861",
    "createdon": "12/7/2014"
}, {
    "id": 365,
    "name": "Frank Vasquez",
    "company": "Katz",
    "email": "fvasqueza4@mlb.com",
    "phone": "358-(315)774-9100",
    "createdon": "5/19/2015"
}, {
    "id": 366,
    "name": "Marie Pierce",
    "company": "Skilith",
    "email": "mpiercea5@webnode.com",
    "phone": "63-(908)216-6362",
    "createdon": "4/13/2015"
}, {
    "id": 367,
    "name": "Shawn Johnston",
    "company": "Voonte",
    "email": "sjohnstona6@si.edu",
    "phone": "55-(302)798-4282",
    "createdon": "7/17/2015"
}, {
    "id": 368,
    "name": "Christopher Carr",
    "company": "Tagfeed",
    "email": "ccarra7@tmall.com",
    "phone": "7-(321)964-5948",
    "createdon": "11/14/2015"
}, {
    "id": 369,
    "name": "Ruby Banks",
    "company": "Jabbersphere",
    "email": "rbanksa8@howstuffworks.com",
    "phone": "62-(329)608-1800",
    "createdon": "12/14/2014"
}, {
    "id": 370,
    "name": "Steven Olson",
    "company": "Twitterbridge",
    "email": "solsona9@imageshack.us",
    "phone": "53-(881)142-4220",
    "createdon": "5/11/2015"
}, {
    "id": 371,
    "name": "Wayne Gray",
    "company": "Tazzy",
    "email": "wgrayaa@slate.com",
    "phone": "48-(152)468-6385",
    "createdon": "4/8/2015"
}, {
    "id": 372,
    "name": "James Gonzales",
    "company": "Oyoloo",
    "email": "jgonzalesab@home.pl",
    "phone": "977-(784)650-9774",
    "createdon": "4/22/2015"
}, {
    "id": 373,
    "name": "Marilyn Black",
    "company": "Thoughtbeat",
    "email": "mblackac@nba.com",
    "phone": "86-(604)491-5539",
    "createdon": "5/29/2015"
}, {
    "id": 374,
    "name": "Kelly Ramos",
    "company": "Quinu",
    "email": "kramosad@networkadvertising.org",
    "phone": "1-(812)797-3141",
    "createdon": "3/29/2015"
}, {
    "id": 375,
    "name": "Robin Little",
    "company": "Wikido",
    "email": "rlittleae@behance.net",
    "phone": "374-(805)509-7675",
    "createdon": "4/11/2015"
}, {
    "id": 376,
    "name": "Alan Simpson",
    "company": "Plajo",
    "email": "asimpsonaf@pcworld.com",
    "phone": "86-(772)449-7071",
    "createdon": "8/6/2015"
}, {
    "id": 377,
    "name": "Shirley Mcdonald",
    "company": "Voomm",
    "email": "smcdonaldag@slideshare.net",
    "phone": "380-(314)673-2234",
    "createdon": "6/22/2015"
}, {
    "id": 378,
    "name": "Theresa Alexander",
    "company": "Aimbu",
    "email": "talexanderah@hhs.gov",
    "phone": "7-(843)163-6715",
    "createdon": "2/28/2015"
}, {
    "id": 379,
    "name": "Barbara Gray",
    "company": "Skiba",
    "email": "bgrayai@twitter.com",
    "phone": "86-(637)458-4144",
    "createdon": "8/3/2015"
}, {
    "id": 380,
    "name": "Anthony Adams",
    "company": "Pixope",
    "email": "aadamsaj@msn.com",
    "phone": "81-(636)289-0941",
    "createdon": "6/4/2015"
}, {
    "id": 381,
    "name": "Kathy James",
    "company": "Shufflester",
    "email": "kjamesak@opensource.org",
    "phone": "7-(864)642-9261",
    "createdon": "10/31/2015"
}, {
    "id": 382,
    "name": "Jacqueline Carpenter",
    "company": "Bubblemix",
    "email": "jcarpenteral@mediafire.com",
    "phone": "1-(215)303-2206",
    "createdon": "3/27/2015"
}, {
    "id": 383,
    "name": "Ruth Richards",
    "company": "Thoughtmix",
    "email": "rrichardsam@springer.com",
    "phone": "1-(298)751-5990",
    "createdon": "7/15/2015"
}, {
    "id": 384,
    "name": "Frank Turner",
    "company": "Livetube",
    "email": "fturneran@ycombinator.com",
    "phone": "7-(463)391-9909",
    "createdon": "9/1/2015"
}, {
    "id": 385,
    "name": "Sharon Long",
    "company": "Demimbu",
    "email": "slongao@goo.gl",
    "phone": "86-(771)272-5544",
    "createdon": "7/4/2015"
}, {
    "id": 386,
    "name": "Jerry Chapman",
    "company": "Geba",
    "email": "jchapmanap@chron.com",
    "phone": "503-(242)740-3462",
    "createdon": "2/3/2015"
}, {
    "id": 387,
    "name": "Raymond Peters",
    "company": "Dablist",
    "email": "rpetersaq@vkontakte.ru",
    "phone": "86-(611)204-2220",
    "createdon": "10/15/2015"
}, {
    "id": 388,
    "name": "Patrick Watson",
    "company": "Brainlounge",
    "email": "pwatsonar@phoca.cz",
    "phone": "63-(286)738-5090",
    "createdon": "1/17/2015"
}, {
    "id": 389,
    "name": "Sarah Snyder",
    "company": "Yacero",
    "email": "ssnyderas@nifty.com",
    "phone": "380-(345)403-8066",
    "createdon": "4/25/2015"
}, {
    "id": 390,
    "name": "Willie Shaw",
    "company": "Minyx",
    "email": "wshawat@cpanel.net",
    "phone": "20-(319)266-5734",
    "createdon": "4/18/2015"
}, {
    "id": 391,
    "name": "Joan Boyd",
    "company": "Dablist",
    "email": "jboydau@ted.com",
    "phone": "86-(480)959-5171",
    "createdon": "1/16/2015"
}, {
    "id": 392,
    "name": "Shawn Harvey",
    "company": "Vipe",
    "email": "sharveyav@freewebs.com",
    "phone": "33-(670)389-5038",
    "createdon": "12/7/2014"
}, {
    "id": 393,
    "name": "Barbara Mason",
    "company": "Jabbersphere",
    "email": "bmasonaw@wikispaces.com",
    "phone": "33-(366)600-7785",
    "createdon": "10/13/2015"
}, {
    "id": 394,
    "name": "Ann Bradley",
    "company": "Dablist",
    "email": "abradleyax@craigslist.org",
    "phone": "255-(451)157-4777",
    "createdon": "8/16/2015"
}, {
    "id": 395,
    "name": "Justin Price",
    "company": "Einti",
    "email": "jpriceay@webnode.com",
    "phone": "86-(768)420-1864",
    "createdon": "2/9/2015"
}, {
    "id": 396,
    "name": "John Robertson",
    "company": "Bubblebox",
    "email": "jrobertsonaz@hp.com",
    "phone": "86-(194)349-0434",
    "createdon": "9/18/2015"
}, {
    "id": 397,
    "name": "Patrick Baker",
    "company": "Edgeclub",
    "email": "pbakerb0@printfriendly.com",
    "phone": "33-(168)356-6848",
    "createdon": "6/5/2015"
}, {
    "id": 398,
    "name": "Billy Collins",
    "company": "Skimia",
    "email": "bcollinsb1@oakley.com",
    "phone": "27-(398)310-0258",
    "createdon": "8/17/2015"
}, {
    "id": 399,
    "name": "Patrick Bishop",
    "company": "Miboo",
    "email": "pbishopb2@shop-pro.jp",
    "phone": "351-(203)225-9344",
    "createdon": "4/7/2015"
}, {
    "id": 400,
    "name": "Nicole Mcdonald",
    "company": "Jaxspan",
    "email": "nmcdonaldb3@bigcartel.com",
    "phone": "58-(988)736-3635",
    "createdon": "6/10/2015"
}, {
    "id": 401,
    "name": "Joseph Coleman",
    "company": "LiveZ",
    "email": "jcolemanb4@t-online.de",
    "phone": "86-(243)877-7600",
    "createdon": "8/31/2015"
}, {
    "id": 402,
    "name": "Beverly Martin",
    "company": "Quimm",
    "email": "bmartinb5@blog.com",
    "phone": "86-(358)958-1041",
    "createdon": "7/21/2015"
}, {
    "id": 403,
    "name": "Benjamin Crawford",
    "company": "Skilith",
    "email": "bcrawfordb6@squarespace.com",
    "phone": "86-(787)134-6083",
    "createdon": "9/11/2015"
}, {
    "id": 404,
    "name": "Kathryn Davis",
    "company": "Tazzy",
    "email": "kdavisb7@g.co",
    "phone": "86-(176)733-2666",
    "createdon": "9/22/2015"
}, {
    "id": 405,
    "name": "Carol Franklin",
    "company": "Kaymbo",
    "email": "cfranklinb8@mediafire.com",
    "phone": "86-(212)340-3203",
    "createdon": "11/5/2015"
}, {
    "id": 406,
    "name": "Kathryn Henry",
    "company": "Feedspan",
    "email": "khenryb9@chronoengine.com",
    "phone": "33-(267)607-5453",
    "createdon": "1/20/2015"
}, {
    "id": 407,
    "name": "Wayne Henry",
    "company": "Youspan",
    "email": "whenryba@ycombinator.com",
    "phone": "7-(473)576-6934",
    "createdon": "3/12/2015"
}, {
    "id": 408,
    "name": "Jimmy Price",
    "company": "Chatterbridge",
    "email": "jpricebb@newsvine.com",
    "phone": "7-(269)967-5649",
    "createdon": "2/23/2015"
}, {
    "id": 409,
    "name": "Frank Rodriguez",
    "company": "Edgewire",
    "email": "frodriguezbc@free.fr",
    "phone": "55-(321)400-5587",
    "createdon": "12/25/2014"
}, {
    "id": 410,
    "name": "James Mills",
    "company": "Vipe",
    "email": "jmillsbd@addthis.com",
    "phone": "57-(296)510-4774",
    "createdon": "9/1/2015"
}, {
    "id": 411,
    "name": "Johnny Black",
    "company": "Chatterpoint",
    "email": "jblackbe@squidoo.com",
    "phone": "30-(313)586-9559",
    "createdon": "12/21/2014"
}, {
    "id": 412,
    "name": "Catherine Cooper",
    "company": "Ozu",
    "email": "ccooperbf@list-manage.com",
    "phone": "86-(958)973-2290",
    "createdon": "6/1/2015"
}, {
    "id": 413,
    "name": "Antonio Bradley",
    "company": "Vimbo",
    "email": "abradleybg@woothemes.com",
    "phone": "1-(651)924-8930",
    "createdon": "12/11/2014"
}, {
    "id": 414,
    "name": "Jean Ross",
    "company": "Twitterbridge",
    "email": "jrossbh@loc.gov",
    "phone": "86-(347)785-9536",
    "createdon": "4/21/2015"
}, {
    "id": 415,
    "name": "Margaret Woods",
    "company": "Skipstorm",
    "email": "mwoodsbi@upenn.edu",
    "phone": "7-(478)457-4865",
    "createdon": "7/16/2015"
}, {
    "id": 416,
    "name": "Philip Gonzales",
    "company": "Yozio",
    "email": "pgonzalesbj@ca.gov",
    "phone": "52-(505)821-0722",
    "createdon": "11/3/2015"
}, {
    "id": 417,
    "name": "Jack Lane",
    "company": "Twinte",
    "email": "jlanebk@webeden.co.uk",
    "phone": "86-(551)839-4610",
    "createdon": "12/7/2014"
}, {
    "id": 418,
    "name": "Michael Price",
    "company": "Edgeclub",
    "email": "mpricebl@ehow.com",
    "phone": "93-(628)740-3729",
    "createdon": "4/28/2015"
}, {
    "id": 419,
    "name": "Stephanie Jones",
    "company": "Jabbertype",
    "email": "sjonesbm@biglobe.ne.jp",
    "phone": "47-(861)695-4380",
    "createdon": "1/22/2015"
}, {
    "id": 420,
    "name": "Jose Lopez",
    "company": "Topiclounge",
    "email": "jlopezbn@weebly.com",
    "phone": "62-(464)521-1011",
    "createdon": "6/9/2015"
}, {
    "id": 421,
    "name": "Kathy Fisher",
    "company": "Flipopia",
    "email": "kfisherbo@dagondesign.com",
    "phone": "86-(648)914-9041",
    "createdon": "3/1/2015"
}, {
    "id": 422,
    "name": "Gary Hunter",
    "company": "Thoughtmix",
    "email": "ghunterbp@csmonitor.com",
    "phone": "48-(159)408-5979",
    "createdon": "8/21/2015"
}, {
    "id": 423,
    "name": "Ernest Hawkins",
    "company": "Zoozzy",
    "email": "ehawkinsbq@economist.com",
    "phone": "66-(503)996-5073",
    "createdon": "4/15/2015"
}, {
    "id": 424,
    "name": "Jesse Bishop",
    "company": "Wordpedia",
    "email": "jbishopbr@walmart.com",
    "phone": "1-(904)427-8451",
    "createdon": "1/12/2015"
}, {
    "id": 425,
    "name": "Mildred George",
    "company": "Browsebug",
    "email": "mgeorgebs@free.fr",
    "phone": "1-(314)307-3828",
    "createdon": "8/30/2015"
}, {
    "id": 426,
    "name": "Bruce Carter",
    "company": "Edgeclub",
    "email": "bcarterbt@github.io",
    "phone": "33-(792)237-6221",
    "createdon": "8/24/2015"
}, {
    "id": 427,
    "name": "Johnny Snyder",
    "company": "Eidel",
    "email": "jsnyderbu@privacy.gov.au",
    "phone": "351-(908)731-8152",
    "createdon": "1/5/2015"
}, {
    "id": 428,
    "name": "Carol Gibson",
    "company": "Dabtype",
    "email": "cgibsonbv@wikia.com",
    "phone": "62-(596)289-7111",
    "createdon": "1/23/2015"
}, {
    "id": 429,
    "name": "Christina Gardner",
    "company": "Youspan",
    "email": "cgardnerbw@dailymotion.com",
    "phone": "62-(580)462-0183",
    "createdon": "12/1/2014"
}, {
    "id": 430,
    "name": "Juan Watkins",
    "company": "Quinu",
    "email": "jwatkinsbx@bloglines.com",
    "phone": "86-(701)483-0460",
    "createdon": "5/19/2015"
}, {
    "id": 431,
    "name": "Sandra Snyder",
    "company": "Fivespan",
    "email": "ssnyderby@uol.com.br",
    "phone": "33-(438)954-7324",
    "createdon": "1/11/2015"
}, {
    "id": 432,
    "name": "Andrew Richardson",
    "company": "Browsezoom",
    "email": "arichardsonbz@usnews.com",
    "phone": "86-(250)565-4491",
    "createdon": "9/14/2015"
}, {
    "id": 433,
    "name": "Evelyn Garcia",
    "company": "Topicblab",
    "email": "egarciac0@gizmodo.com",
    "phone": "1-(952)534-3645",
    "createdon": "9/6/2015"
}, {
    "id": 434,
    "name": "Phyllis Frazier",
    "company": "Kanoodle",
    "email": "pfrazierc1@indiegogo.com",
    "phone": "81-(899)961-8074",
    "createdon": "6/22/2015"
}, {
    "id": 435,
    "name": "Sara Freeman",
    "company": "Voonyx",
    "email": "sfreemanc2@nature.com",
    "phone": "54-(856)765-3019",
    "createdon": "5/31/2015"
}, {
    "id": 436,
    "name": "Betty Cook",
    "company": "Lazzy",
    "email": "bcookc3@shop-pro.jp",
    "phone": "55-(378)414-9028",
    "createdon": "6/7/2015"
}, {
    "id": 437,
    "name": "Gloria Duncan",
    "company": "Tagchat",
    "email": "gduncanc4@foxnews.com",
    "phone": "86-(862)801-2125",
    "createdon": "12/6/2014"
}, {
    "id": 438,
    "name": "Brenda Bailey",
    "company": "Tagcat",
    "email": "bbaileyc5@comsenz.com",
    "phone": "86-(911)434-2938",
    "createdon": "6/8/2015"
}, {
    "id": 439,
    "name": "David Mills",
    "company": "Quimm",
    "email": "dmillsc6@reddit.com",
    "phone": "86-(683)633-2158",
    "createdon": "7/6/2015"
}, {
    "id": 440,
    "name": "Anne Williams",
    "company": "Roombo",
    "email": "awilliamsc7@posterous.com",
    "phone": "63-(350)710-0073",
    "createdon": "11/22/2015"
}, {
    "id": 441,
    "name": "Julie Bishop",
    "company": "Wikizz",
    "email": "jbishopc8@amazon.co.jp",
    "phone": "63-(283)578-5468",
    "createdon": "4/7/2015"
}, {
    "id": 442,
    "name": "Julie Oliver",
    "company": "Skalith",
    "email": "joliverc9@cmu.edu",
    "phone": "254-(445)795-3938",
    "createdon": "9/10/2015"
}, {
    "id": 443,
    "name": "Bruce Thompson",
    "company": "Skinder",
    "email": "bthompsonca@irs.gov",
    "phone": "63-(166)388-0935",
    "createdon": "3/26/2015"
}, {
    "id": 444,
    "name": "Joan Ellis",
    "company": "Oloo",
    "email": "jelliscb@cmu.edu",
    "phone": "66-(262)856-3544",
    "createdon": "4/23/2015"
}, {
    "id": 445,
    "name": "Cynthia Ford",
    "company": "Oyoba",
    "email": "cfordcc@networkadvertising.org",
    "phone": "62-(749)986-5833",
    "createdon": "12/25/2014"
}, {
    "id": 446,
    "name": "Marilyn Rogers",
    "company": "BlogXS",
    "email": "mrogerscd@pbs.org",
    "phone": "7-(602)708-4129",
    "createdon": "7/31/2015"
}, {
    "id": 447,
    "name": "Phyllis Hall",
    "company": "Topicware",
    "email": "phallce@is.gd",
    "phone": "41-(848)246-7641",
    "createdon": "3/10/2015"
}, {
    "id": 448,
    "name": "Adam Lopez",
    "company": "Gigashots",
    "email": "alopezcf@bloomberg.com",
    "phone": "1-(517)213-0218",
    "createdon": "11/29/2015"
}, {
    "id": 449,
    "name": "Frank Hamilton",
    "company": "Lazz",
    "email": "fhamiltoncg@tmall.com",
    "phone": "48-(359)969-6403",
    "createdon": "10/28/2015"
}, {
    "id": 450,
    "name": "Earl Fields",
    "company": "Zoozzy",
    "email": "efieldsch@cocolog-nifty.com",
    "phone": "98-(399)635-0232",
    "createdon": "2/10/2015"
}, {
    "id": 451,
    "name": "Samuel Armstrong",
    "company": "Yata",
    "email": "sarmstrongci@slashdot.org",
    "phone": "31-(315)796-4166",
    "createdon": "4/2/2015"
}, {
    "id": 452,
    "name": "Chris Fernandez",
    "company": "Tavu",
    "email": "cfernandezcj@stumbleupon.com",
    "phone": "66-(160)697-5584",
    "createdon": "4/5/2015"
}, {
    "id": 453,
    "name": "Henry Flores",
    "company": "Twimbo",
    "email": "hfloresck@mit.edu",
    "phone": "33-(135)360-2060",
    "createdon": "3/1/2015"
}, {
    "id": 454,
    "name": "Mark Pierce",
    "company": "Jaxbean",
    "email": "mpiercecl@cbc.ca",
    "phone": "62-(487)675-3640",
    "createdon": "3/30/2015"
}, {
    "id": 455,
    "name": "Jean Phillips",
    "company": "Blognation",
    "email": "jphillipscm@mtv.com",
    "phone": "86-(961)620-6980",
    "createdon": "2/19/2015"
}, {
    "id": 456,
    "name": "Victor Fowler",
    "company": "Latz",
    "email": "vfowlercn@purevolume.com",
    "phone": "86-(472)133-7635",
    "createdon": "6/1/2015"
}, {
    "id": 457,
    "name": "Joe Henry",
    "company": "Cogilith",
    "email": "jhenryco@shinystat.com",
    "phone": "55-(468)699-5385",
    "createdon": "5/15/2015"
}, {
    "id": 458,
    "name": "Donna Reid",
    "company": "Kamba",
    "email": "dreidcp@eventbrite.com",
    "phone": "62-(596)279-7398",
    "createdon": "1/4/2015"
}, {
    "id": 459,
    "name": "Brenda Edwards",
    "company": "Wordtune",
    "email": "bedwardscq@dot.gov",
    "phone": "62-(752)604-7535",
    "createdon": "11/19/2015"
}, {
    "id": 460,
    "name": "Eric Hart",
    "company": "Pixoboo",
    "email": "ehartcr@hostgator.com",
    "phone": "351-(196)571-7431",
    "createdon": "1/27/2015"
}, {
    "id": 461,
    "name": "Alan Robinson",
    "company": "Trilia",
    "email": "arobinsoncs@omniture.com",
    "phone": "51-(693)746-9173",
    "createdon": "10/3/2015"
}, {
    "id": 462,
    "name": "Charles Myers",
    "company": "Devpulse",
    "email": "cmyersct@mediafire.com",
    "phone": "63-(974)415-3482",
    "createdon": "11/25/2015"
}, {
    "id": 463,
    "name": "Emily Hart",
    "company": "Reallinks",
    "email": "ehartcu@goodreads.com",
    "phone": "994-(296)428-3152",
    "createdon": "1/27/2015"
}, {
    "id": 464,
    "name": "Kenneth Ramirez",
    "company": "Riffwire",
    "email": "kramirezcv@usgs.gov",
    "phone": "966-(243)539-1752",
    "createdon": "9/18/2015"
}, {
    "id": 465,
    "name": "Peter Roberts",
    "company": "Fivechat",
    "email": "probertscw@seattletimes.com",
    "phone": "225-(667)996-8285",
    "createdon": "4/20/2015"
}, {
    "id": 466,
    "name": "Andrea Taylor",
    "company": "Vidoo",
    "email": "ataylorcx@netlog.com",
    "phone": "86-(530)634-7098",
    "createdon": "5/24/2015"
}, {
    "id": 467,
    "name": "Christine Gonzalez",
    "company": "Dabvine",
    "email": "cgonzalezcy@tripod.com",
    "phone": "86-(768)497-2133",
    "createdon": "2/20/2015"
}, {
    "id": 468,
    "name": "Peter Cunningham",
    "company": "Jaloo",
    "email": "pcunninghamcz@hao123.com",
    "phone": "49-(164)191-3370",
    "createdon": "3/8/2015"
}, {
    "id": 469,
    "name": "Jane Black",
    "company": "Zoonder",
    "email": "jblackd0@free.fr",
    "phone": "55-(833)305-4211",
    "createdon": "9/12/2015"
}, {
    "id": 470,
    "name": "Patricia Phillips",
    "company": "Thoughtbridge",
    "email": "pphillipsd1@posterous.com",
    "phone": "358-(542)475-2462",
    "createdon": "5/19/2015"
}, {
    "id": 471,
    "name": "Alice Hughes",
    "company": "Divavu",
    "email": "ahughesd2@ox.ac.uk",
    "phone": "27-(879)331-3368",
    "createdon": "8/12/2015"
}, {
    "id": 472,
    "name": "Bruce Simpson",
    "company": "Mybuzz",
    "email": "bsimpsond3@miibeian.gov.cn",
    "phone": "880-(960)114-6165",
    "createdon": "12/6/2014"
}, {
    "id": 473,
    "name": "Susan Cox",
    "company": "Livefish",
    "email": "scoxd4@blog.com",
    "phone": "33-(400)170-5104",
    "createdon": "10/8/2015"
}, {
    "id": 474,
    "name": "Johnny Harrison",
    "company": "Oyonder",
    "email": "jharrisond5@ox.ac.uk",
    "phone": "86-(149)232-8274",
    "createdon": "10/15/2015"
}, {
    "id": 475,
    "name": "Jessica Duncan",
    "company": "Latz",
    "email": "jduncand6@google.fr",
    "phone": "33-(914)447-8405",
    "createdon": "2/26/2015"
}, {
    "id": 476,
    "name": "Susan Medina",
    "company": "Katz",
    "email": "smedinad7@webnode.com",
    "phone": "62-(583)663-4256",
    "createdon": "11/14/2015"
}, {
    "id": 477,
    "name": "Katherine Lewis",
    "company": "Edgetag",
    "email": "klewisd8@oracle.com",
    "phone": "7-(984)527-3014",
    "createdon": "2/5/2015"
}, {
    "id": 478,
    "name": "Lisa Peterson",
    "company": "Izio",
    "email": "lpetersond9@apple.com",
    "phone": "994-(379)327-4401",
    "createdon": "11/12/2015"
}, {
    "id": 479,
    "name": "Ralph King",
    "company": "Yambee",
    "email": "rkingda@techcrunch.com",
    "phone": "86-(855)185-9094",
    "createdon": "12/16/2014"
}, {
    "id": 480,
    "name": "Paul Wright",
    "company": "Oyondu",
    "email": "pwrightdb@tuttocitta.it",
    "phone": "7-(334)534-6020",
    "createdon": "4/9/2015"
}, {
    "id": 481,
    "name": "Irene James",
    "company": "Katz",
    "email": "ijamesdc@chronoengine.com",
    "phone": "86-(502)237-1604",
    "createdon": "11/13/2015"
}, {
    "id": 482,
    "name": "Wanda Rose",
    "company": "Kayveo",
    "email": "wrosedd@netscape.com",
    "phone": "62-(866)861-6167",
    "createdon": "10/10/2015"
}, {
    "id": 483,
    "name": "Joan Owens",
    "company": "Innojam",
    "email": "jowensde@technorati.com",
    "phone": "1-(471)280-2450",
    "createdon": "11/6/2015"
}, {
    "id": 484,
    "name": "Douglas Wood",
    "company": "Yozio",
    "email": "dwooddf@chicagotribune.com",
    "phone": "63-(676)520-5384",
    "createdon": "12/31/2014"
}, {
    "id": 485,
    "name": "Catherine Allen",
    "company": "Voonyx",
    "email": "callendg@aboutads.info",
    "phone": "62-(743)431-4455",
    "createdon": "1/26/2015"
}, {
    "id": 486,
    "name": "Russell Ross",
    "company": "Divavu",
    "email": "rrossdh@bandcamp.com",
    "phone": "86-(245)293-7243",
    "createdon": "7/25/2015"
}, {
    "id": 487,
    "name": "Lori Smith",
    "company": "Topicware",
    "email": "lsmithdi@godaddy.com",
    "phone": "251-(921)436-5607",
    "createdon": "10/14/2015"
}, {
    "id": 488,
    "name": "Nicholas Scott",
    "company": "Browsebug",
    "email": "nscottdj@icq.com",
    "phone": "48-(776)576-0439",
    "createdon": "6/10/2015"
}, {
    "id": 489,
    "name": "Jack Tucker",
    "company": "Meejo",
    "email": "jtuckerdk@comsenz.com",
    "phone": "62-(190)456-8240",
    "createdon": "10/27/2015"
}, {
    "id": 490,
    "name": "Gary Fox",
    "company": "Riffpath",
    "email": "gfoxdl@amazon.com",
    "phone": "48-(662)954-3040",
    "createdon": "9/28/2015"
}, {
    "id": 491,
    "name": "Lisa Moore",
    "company": "Gabspot",
    "email": "lmooredm@bandcamp.com",
    "phone": "94-(255)567-0413",
    "createdon": "3/1/2015"
}, {
    "id": 492,
    "name": "Brenda Elliott",
    "company": "Dabjam",
    "email": "belliottdn@slideshare.net",
    "phone": "7-(782)608-5046",
    "createdon": "9/27/2015"
}, {
    "id": 493,
    "name": "Donna Evans",
    "company": "Dynabox",
    "email": "devansdo@mysql.com",
    "phone": "81-(773)285-9742",
    "createdon": "9/13/2015"
}, {
    "id": 494,
    "name": "Ralph Howell",
    "company": "Kwideo",
    "email": "rhowelldp@tripod.com",
    "phone": "66-(921)596-9687",
    "createdon": "5/20/2015"
}, {
    "id": 495,
    "name": "Rose Bishop",
    "company": "Wikizz",
    "email": "rbishopdq@lycos.com",
    "phone": "86-(877)655-1751",
    "createdon": "1/21/2015"
}, {
    "id": 496,
    "name": "Anne Watson",
    "company": "Browsetype",
    "email": "awatsondr@google.com.hk",
    "phone": "237-(559)654-6480",
    "createdon": "4/19/2015"
}, {
    "id": 497,
    "name": "Ruby Mccoy",
    "company": "Einti",
    "email": "rmccoyds@cornell.edu",
    "phone": "66-(522)447-9367",
    "createdon": "11/14/2015"
}, {
    "id": 498,
    "name": "Jeffrey Crawford",
    "company": "Feedfish",
    "email": "jcrawforddt@ucoz.ru",
    "phone": "7-(676)298-7189",
    "createdon": "11/28/2015"
}, {
    "id": 499,
    "name": "Martha Bryant",
    "company": "Thoughtstorm",
    "email": "mbryantdu@google.nl",
    "phone": "351-(676)178-1984",
    "createdon": "6/7/2015"
}, {
    "id": 500,
    "name": "Judy Daniels",
    "company": "Digitube",
    "email": "jdanielsdv@state.tx.us",
    "phone": "249-(280)967-6658",
    "createdon": "1/1/2015"
}]
}