{
    "aaData": [
    {
    "id": 1,
    "name": "Helen Banks",
    "company": "Brainlounge",
    "email": "hbanks0@networkadvertising.org",
    "phone": "386-(842)278-0044",
    "createdon": "2/17/2015"
}, {
    "id": 2,
    "name": "Russell Wright",
    "company": "Trilith",
    "email": "rwright1@istockphoto.com",
    "phone": "63-(139)594-8042",
    "createdon": "12/31/2014"
}, {
    "id": 3,
    "name": "Phillip Franklin",
    "company": "Babbleopia",
    "email": "pfranklin2@npr.org",
    "phone": "880-(756)896-3032",
    "createdon": "12/8/2014"
}, {
    "id": 4,
    "name": "Jane Reynolds",
    "company": "Roombo",
    "email": "jreynolds3@auda.org.au",
    "phone": "380-(346)659-7616",
    "createdon": "6/20/2015"
}, {
    "id": 5,
    "name": "Harry Stone",
    "company": "Aimbu",
    "email": "hstone4@joomla.org",
    "phone": "54-(231)606-3538",
    "createdon": "9/18/2015"
}, {
    "id": 6,
    "name": "Wanda Simmons",
    "company": "Realfire",
    "email": "wsimmons5@npr.org",
    "phone": "63-(385)914-9407",
    "createdon": "6/1/2015"
}, {
    "id": 7,
    "name": "Raymond Coleman",
    "company": "Dynabox",
    "email": "rcoleman6@webmd.com",
    "phone": "970-(681)568-6350",
    "createdon": "1/16/2015"
}, {
    "id": 8,
    "name": "Roy Bell",
    "company": "Rooxo",
    "email": "rbell7@a8.net",
    "phone": "51-(630)553-0176",
    "createdon": "9/8/2015"
}, {
    "id": 9,
    "name": "Mary Alexander",
    "company": "Thoughtbeat",
    "email": "malexander8@mit.edu",
    "phone": "269-(259)977-0268",
    "createdon": "6/27/2015"
}, {
    "id": 10,
    "name": "James Payne",
    "company": "Yacero",
    "email": "jpayne9@dailymotion.com",
    "phone": "86-(268)516-5474",
    "createdon": "7/25/2015"
}, {
    "id": 11,
    "name": "Carlos Hunter",
    "company": "Tagchat",
    "email": "chuntera@howstuffworks.com",
    "phone": "33-(491)588-9269",
    "createdon": "5/29/2015"
}, {
    "id": 12,
    "name": "Brandon Morales",
    "company": "Fivechat",
    "email": "bmoralesb@tinypic.com",
    "phone": "963-(853)531-1878",
    "createdon": "9/22/2015"
}, {
    "id": 13,
    "name": "Stephanie West",
    "company": "Browsecat",
    "email": "swestc@technorati.com",
    "phone": "7-(337)416-7177",
    "createdon": "7/3/2015"
}, {
    "id": 14,
    "name": "Cheryl Taylor",
    "company": "Oyondu",
    "email": "ctaylord@kickstarter.com",
    "phone": "351-(259)415-8876",
    "createdon": "12/26/2014"
}, {
    "id": 15,
    "name": "Ann Gibson",
    "company": "Skinix",
    "email": "agibsone@eepurl.com",
    "phone": "48-(207)876-1994",
    "createdon": "8/20/2015"
}, {
    "id": 16,
    "name": "Nicole Gardner",
    "company": "Aivee",
    "email": "ngardnerf@free.fr",
    "phone": "86-(289)985-0413",
    "createdon": "2/3/2015"
}, {
    "id": 17,
    "name": "Joshua Brooks",
    "company": "Kwideo",
    "email": "jbrooksg@pagesperso-orange.fr",
    "phone": "1-(405)902-2092",
    "createdon": "6/30/2015"
}, {
    "id": 18,
    "name": "Willie Knight",
    "company": "Skyba",
    "email": "wknighth@examiner.com",
    "phone": "48-(207)829-9588",
    "createdon": "2/27/2015"
}, {
    "id": 19,
    "name": "Gloria Washington",
    "company": "Skivee",
    "email": "gwashingtoni@sourceforge.net",
    "phone": "55-(884)543-9458",
    "createdon": "2/26/2015"
}, {
    "id": 20,
    "name": "Donna Miller",
    "company": "Vidoo",
    "email": "dmillerj@wikispaces.com",
    "phone": "27-(749)163-2984",
    "createdon": "8/15/2015"
}, {
    "id": 21,
    "name": "Aaron Olson",
    "company": "Topiczoom",
    "email": "aolsonk@state.gov",
    "phone": "971-(848)704-9651",
    "createdon": "2/26/2015"
}, {
    "id": 22,
    "name": "Mildred Wells",
    "company": "Jabberbean",
    "email": "mwellsl@hc360.com",
    "phone": "7-(459)939-1553",
    "createdon": "12/17/2014"
}, {
    "id": 23,
    "name": "Steven Berry",
    "company": "Skibox",
    "email": "sberrym@walmart.com",
    "phone": "57-(408)241-8123",
    "createdon": "5/20/2015"
}, {
    "id": 24,
    "name": "Ryan Dean",
    "company": "Podcat",
    "email": "rdeann@mit.edu",
    "phone": "226-(485)375-0538",
    "createdon": "11/30/2014"
}, {
    "id": 25,
    "name": "Philip Jacobs",
    "company": "Agivu",
    "email": "pjacobso@sitemeter.com",
    "phone": "1-(847)899-8492",
    "createdon": "8/2/2015"
}, {
    "id": 26,
    "name": "Robin Harper",
    "company": "Gabtune",
    "email": "rharperp@amazonaws.com",
    "phone": "62-(989)946-0097",
    "createdon": "11/17/2015"
}, {
    "id": 27,
    "name": "Lawrence Bailey",
    "company": "Ailane",
    "email": "lbaileyq@msu.edu",
    "phone": "86-(690)608-1267",
    "createdon": "7/30/2015"
}, {
    "id": 28,
    "name": "Tammy Young",
    "company": "Aimbu",
    "email": "tyoungr@unicef.org",
    "phone": "1-(317)259-7796",
    "createdon": "8/21/2015"
}, {
    "id": 29,
    "name": "Terry Hart",
    "company": "Meedoo",
    "email": "tharts@rambler.ru",
    "phone": "374-(179)993-2539",
    "createdon": "6/28/2015"
}, {
    "id": 30,
    "name": "Ralph Sullivan",
    "company": "Oyoba",
    "email": "rsullivant@microsoft.com",
    "phone": "86-(209)974-2533",
    "createdon": "3/4/2015"
}, {
    "id": 31,
    "name": "Jack Williams",
    "company": "Quire",
    "email": "jwilliamsu@wp.com",
    "phone": "55-(984)170-0657",
    "createdon": "7/26/2015"
}, {
    "id": 32,
    "name": "Christopher Anderson",
    "company": "Youbridge",
    "email": "candersonv@yandex.ru",
    "phone": "86-(345)688-7510",
    "createdon": "12/28/2014"
}, {
    "id": 33,
    "name": "Nicole Jenkins",
    "company": "Browsedrive",
    "email": "njenkinsw@zimbio.com",
    "phone": "86-(584)705-8676",
    "createdon": "3/16/2015"
}, {
    "id": 34,
    "name": "Dorothy Ray",
    "company": "Jabberstorm",
    "email": "drayx@sfgate.com",
    "phone": "502-(341)233-4234",
    "createdon": "4/9/2015"
}, {
    "id": 35,
    "name": "Larry Henry",
    "company": "Blognation",
    "email": "lhenryy@berkeley.edu",
    "phone": "223-(420)302-9359",
    "createdon": "8/20/2015"
}, {
    "id": 36,
    "name": "Angela Knight",
    "company": "Trudoo",
    "email": "aknightz@dmoz.org",
    "phone": "963-(507)865-8889",
    "createdon": "7/19/2015"
}, {
    "id": 37,
    "name": "Christina Wagner",
    "company": "Yakijo",
    "email": "cwagner10@51.la",
    "phone": "1-(214)672-8109",
    "createdon": "7/22/2015"
}, {
    "id": 38,
    "name": "Jesse Walker",
    "company": "Feedmix",
    "email": "jwalker11@istockphoto.com",
    "phone": "380-(328)778-4358",
    "createdon": "3/12/2015"
}, {
    "id": 39,
    "name": "Shirley Gibson",
    "company": "Midel",
    "email": "sgibson12@jimdo.com",
    "phone": "62-(471)259-0770",
    "createdon": "11/2/2015"
}, {
    "id": 40,
    "name": "Patricia Harris",
    "company": "Kare",
    "email": "pharris13@ibm.com",
    "phone": "84-(401)582-7201",
    "createdon": "7/25/2015"
}, {
    "id": 41,
    "name": "Andrew Porter",
    "company": "Katz",
    "email": "aporter14@cbc.ca",
    "phone": "20-(380)764-1733",
    "createdon": "11/5/2015"
}, {
    "id": 42,
    "name": "Shirley Fields",
    "company": "Jaxspan",
    "email": "sfields15@slate.com",
    "phone": "255-(815)870-2285",
    "createdon": "9/15/2015"
}, {
    "id": 43,
    "name": "Ryan Evans",
    "company": "Yacero",
    "email": "revans16@hud.gov",
    "phone": "7-(725)728-0942",
    "createdon": "4/29/2015"
}, {
    "id": 44,
    "name": "Patrick Wood",
    "company": "Skippad",
    "email": "pwood17@freewebs.com",
    "phone": "33-(808)901-8687",
    "createdon": "9/30/2015"
}, {
    "id": 45,
    "name": "Harold Ross",
    "company": "Skidoo",
    "email": "hross18@example.com",
    "phone": "48-(145)515-5749",
    "createdon": "4/15/2015"
}, {
    "id": 46,
    "name": "Fred Fowler",
    "company": "Tavu",
    "email": "ffowler19@ucoz.ru",
    "phone": "48-(557)822-1569",
    "createdon": "4/10/2015"
}, {
    "id": 47,
    "name": "Daniel Cooper",
    "company": "Zoomcast",
    "email": "dcooper1a@jalbum.net",
    "phone": "237-(758)895-8583",
    "createdon": "1/28/2015"
}, {
    "id": 48,
    "name": "Fred Ramirez",
    "company": "Avamm",
    "email": "framirez1b@jugem.jp",
    "phone": "63-(649)705-1826",
    "createdon": "6/12/2015"
}, {
    "id": 49,
    "name": "Christopher Allen",
    "company": "Jetpulse",
    "email": "callen1c@arizona.edu",
    "phone": "57-(150)977-3016",
    "createdon": "3/21/2015"
}, {
    "id": 50,
    "name": "Kevin Bowman",
    "company": "Kwimbee",
    "email": "kbowman1d@multiply.com",
    "phone": "7-(325)789-1257",
    "createdon": "3/29/2015"
}, {
    "id": 51,
    "name": "Raymond Graham",
    "company": "Jayo",
    "email": "rgraham1e@slideshare.net",
    "phone": "351-(696)480-8780",
    "createdon": "5/23/2015"
}, {
    "id": 52,
    "name": "Ruth Dunn",
    "company": "Yoveo",
    "email": "rdunn1f@bluehost.com",
    "phone": "967-(280)948-9093",
    "createdon": "12/28/2014"
}, {
    "id": 53,
    "name": "Norma Watson",
    "company": "Zoomdog",
    "email": "nwatson1g@gravatar.com",
    "phone": "33-(256)756-4984",
    "createdon": "5/16/2015"
}, {
    "id": 54,
    "name": "Robert Simpson",
    "company": "Zoovu",
    "email": "rsimpson1h@mashable.com",
    "phone": "46-(600)724-6625",
    "createdon": "1/14/2015"
}, {
    "id": 55,
    "name": "Todd Henderson",
    "company": "Skiptube",
    "email": "thenderson1i@networksolutions.com",
    "phone": "86-(313)390-7220",
    "createdon": "6/8/2015"
}, {
    "id": 56,
    "name": "Lisa Greene",
    "company": "Edgeclub",
    "email": "lgreene1j@china.com.cn",
    "phone": "7-(714)149-3929",
    "createdon": "4/6/2015"
}, {
    "id": 57,
    "name": "David Stewart",
    "company": "Realbuzz",
    "email": "dstewart1k@themeforest.net",
    "phone": "55-(500)159-7784",
    "createdon": "5/16/2015"
}, {
    "id": 58,
    "name": "Beverly Larson",
    "company": "Camimbo",
    "email": "blarson1l@edublogs.org",
    "phone": "504-(299)271-2520",
    "createdon": "8/6/2015"
}, {
    "id": 59,
    "name": "Jesse Simpson",
    "company": "Ntag",
    "email": "jsimpson1m@prweb.com",
    "phone": "46-(775)537-8521",
    "createdon": "1/30/2015"
}, {
    "id": 60,
    "name": "James Thompson",
    "company": "Divavu",
    "email": "jthompson1n@cyberchimps.com",
    "phone": "7-(468)928-3320",
    "createdon": "5/21/2015"
}, {
    "id": 61,
    "name": "Alice Ross",
    "company": "Devify",
    "email": "aross1o@issuu.com",
    "phone": "63-(771)884-4862",
    "createdon": "3/8/2015"
}, {
    "id": 62,
    "name": "Benjamin Vasquez",
    "company": "Twiyo",
    "email": "bvasquez1p@youtube.com",
    "phone": "269-(761)724-5154",
    "createdon": "1/14/2015"
}, {
    "id": 63,
    "name": "Ralph Perkins",
    "company": "Quimba",
    "email": "rperkins1q@goo.gl",
    "phone": "33-(848)367-8226",
    "createdon": "5/22/2015"
}, {
    "id": 64,
    "name": "Charles Ward",
    "company": "Jetpulse",
    "email": "cward1r@ucsd.edu",
    "phone": "48-(808)650-4153",
    "createdon": "2/3/2015"
}, {
    "id": 65,
    "name": "Roy Matthews",
    "company": "Skyba",
    "email": "rmatthews1s@fc2.com",
    "phone": "970-(382)684-8265",
    "createdon": "5/7/2015"
}, {
    "id": 66,
    "name": "Jason Nelson",
    "company": "Divavu",
    "email": "jnelson1t@yellowpages.com",
    "phone": "62-(516)374-4899",
    "createdon": "5/11/2015"
}, {
    "id": 67,
    "name": "Eugene Rodriguez",
    "company": "Skimia",
    "email": "erodriguez1u@house.gov",
    "phone": "256-(889)537-4014",
    "createdon": "2/7/2015"
}, {
    "id": 68,
    "name": "Wanda Mason",
    "company": "Layo",
    "email": "wmason1v@google.cn",
    "phone": "359-(492)933-4381",
    "createdon": "2/23/2015"
}, {
    "id": 69,
    "name": "Philip Kennedy",
    "company": "Kwilith",
    "email": "pkennedy1w@prweb.com",
    "phone": "7-(582)243-8786",
    "createdon": "10/3/2015"
}, {
    "id": 70,
    "name": "Johnny Smith",
    "company": "Katz",
    "email": "jsmith1x@acquirethisname.com",
    "phone": "82-(919)895-3889",
    "createdon": "10/31/2015"
}, {
    "id": 71,
    "name": "Carol Williamson",
    "company": "Plambee",
    "email": "cwilliamson1y@vistaprint.com",
    "phone": "256-(918)979-2209",
    "createdon": "8/3/2015"
}, {
    "id": 72,
    "name": "Ruth Snyder",
    "company": "Roomm",
    "email": "rsnyder1z@goodreads.com",
    "phone": "7-(990)520-9994",
    "createdon": "2/25/2015"
}, {
    "id": 73,
    "name": "Richard Moore",
    "company": "Browsezoom",
    "email": "rmoore20@dmoz.org",
    "phone": "7-(368)651-6237",
    "createdon": "10/26/2015"
}, {
    "id": 74,
    "name": "Ann Pierce",
    "company": "Dabtype",
    "email": "apierce21@nyu.edu",
    "phone": "86-(659)245-6459",
    "createdon": "12/11/2014"
}, {
    "id": 75,
    "name": "Harold Brooks",
    "company": "Topicware",
    "email": "hbrooks22@gmpg.org",
    "phone": "504-(341)526-3063",
    "createdon": "2/11/2015"
}, {
    "id": 76,
    "name": "Robert Foster",
    "company": "Flipbug",
    "email": "rfoster23@nasa.gov",
    "phone": "86-(302)940-9800",
    "createdon": "12/1/2014"
}, {
    "id": 77,
    "name": "Sean Owens",
    "company": "Jamia",
    "email": "sowens24@weibo.com",
    "phone": "226-(395)971-9304",
    "createdon": "6/11/2015"
}, {
    "id": 78,
    "name": "Elizabeth Stephens",
    "company": "Devpulse",
    "email": "estephens25@shutterfly.com",
    "phone": "86-(265)833-0570",
    "createdon": "8/15/2015"
}, {
    "id": 79,
    "name": "Ronald Wheeler",
    "company": "Oodoo",
    "email": "rwheeler26@newyorker.com",
    "phone": "86-(663)842-5662",
    "createdon": "2/23/2015"
}, {
    "id": 80,
    "name": "Randy Romero",
    "company": "Voomm",
    "email": "rromero27@admin.ch",
    "phone": "53-(479)467-3788",
    "createdon": "1/9/2015"
}, {
    "id": 81,
    "name": "Shirley Nichols",
    "company": "Teklist",
    "email": "snichols28@nydailynews.com",
    "phone": "39-(598)167-2300",
    "createdon": "10/4/2015"
}, {
    "id": 82,
    "name": "Julie Ward",
    "company": "Youspan",
    "email": "jward29@gravatar.com",
    "phone": "1-(503)975-0200",
    "createdon": "1/18/2015"
}, {
    "id": 83,
    "name": "Jason Ruiz",
    "company": "Gabcube",
    "email": "jruiz2a@aol.com",
    "phone": "46-(974)803-9260",
    "createdon": "11/14/2015"
}, {
    "id": 84,
    "name": "Judith Price",
    "company": "Edgepulse",
    "email": "jprice2b@4shared.com",
    "phone": "353-(376)204-8535",
    "createdon": "4/22/2015"
}, {
    "id": 85,
    "name": "Jean Garcia",
    "company": "Skinte",
    "email": "jgarcia2c@si.edu",
    "phone": "34-(501)959-5795",
    "createdon": "3/17/2015"
}, {
    "id": 86,
    "name": "Nancy Myers",
    "company": "Flashspan",
    "email": "nmyers2d@house.gov",
    "phone": "62-(293)276-1021",
    "createdon": "1/9/2015"
}, {
    "id": 87,
    "name": "Clarence Torres",
    "company": "Innotype",
    "email": "ctorres2e@jugem.jp",
    "phone": "86-(877)405-1163",
    "createdon": "5/10/2015"
}, {
    "id": 88,
    "name": "Howard Bryant",
    "company": "Realbridge",
    "email": "hbryant2f@aboutads.info",
    "phone": "62-(783)949-4183",
    "createdon": "2/23/2015"
}, {
    "id": 89,
    "name": "Brenda Harvey",
    "company": "Yambee",
    "email": "bharvey2g@dailymail.co.uk",
    "phone": "55-(595)732-0091",
    "createdon": "12/29/2014"
}, {
    "id": 90,
    "name": "Mark Owens",
    "company": "Oyondu",
    "email": "mowens2h@free.fr",
    "phone": "48-(508)767-4636",
    "createdon": "11/13/2015"
}, {
    "id": 91,
    "name": "Janice Morales",
    "company": "Skiba",
    "email": "jmorales2i@taobao.com",
    "phone": "420-(780)590-8940",
    "createdon": "5/19/2015"
}, {
    "id": 92,
    "name": "Ralph Nguyen",
    "company": "Jabbertype",
    "email": "rnguyen2j@wiley.com",
    "phone": "86-(788)156-9748",
    "createdon": "9/22/2015"
}, {
    "id": 93,
    "name": "Andrew Greene",
    "company": "Linkbuzz",
    "email": "agreene2k@delicious.com",
    "phone": "55-(649)299-5924",
    "createdon": "12/19/2014"
}, {
    "id": 94,
    "name": "George Lane",
    "company": "Yabox",
    "email": "glane2l@icq.com",
    "phone": "55-(724)951-9171",
    "createdon": "4/5/2015"
}, {
    "id": 95,
    "name": "Laura Harper",
    "company": "Jabbertype",
    "email": "lharper2m@ning.com",
    "phone": "51-(855)535-3853",
    "createdon": "7/13/2015"
}, {
    "id": 96,
    "name": "Judy Fox",
    "company": "Fanoodle",
    "email": "jfox2n@bing.com",
    "phone": "86-(537)730-5249",
    "createdon": "5/19/2015"
}, {
    "id": 97,
    "name": "Ernest Crawford",
    "company": "Quimba",
    "email": "ecrawford2o@xrea.com",
    "phone": "86-(879)883-1159",
    "createdon": "8/5/2015"
}, {
    "id": 98,
    "name": "Justin Bennett",
    "company": "Topicblab",
    "email": "jbennett2p@yelp.com",
    "phone": "7-(126)558-8459",
    "createdon": "3/15/2015"
}, {
    "id": 99,
    "name": "Lori Lewis",
    "company": "Mymm",
    "email": "llewis2q@taobao.com",
    "phone": "60-(483)773-8076",
    "createdon": "12/4/2014"
}, {
    "id": 100,
    "name": "Margaret Mendoza",
    "company": "Meeveo",
    "email": "mmendoza2r@un.org",
    "phone": "31-(761)884-0865",
    "createdon": "8/4/2015"
}, {
    "id": 101,
    "name": "Howard Harrison",
    "company": "Fivechat",
    "email": "hharrison2s@bloglovin.com",
    "phone": "62-(566)399-4246",
    "createdon": "7/12/2015"
}, {
    "id": 102,
    "name": "Douglas Ramirez",
    "company": "Kanoodle",
    "email": "dramirez2t@amazon.de",
    "phone": "229-(394)284-0548",
    "createdon": "11/24/2015"
}, {
    "id": 103,
    "name": "Diane Rice",
    "company": "Zava",
    "email": "drice2u@mapy.cz",
    "phone": "86-(301)654-8327",
    "createdon": "2/8/2015"
}, {
    "id": 104,
    "name": "Debra Berry",
    "company": "Brainlounge",
    "email": "dberry2v@vkontakte.ru",
    "phone": "351-(111)883-1651",
    "createdon": "2/23/2015"
}, {
    "id": 105,
    "name": "Gerald Hayes",
    "company": "Skyndu",
    "email": "ghayes2w@columbia.edu",
    "phone": "55-(843)269-1676",
    "createdon": "9/4/2015"
}, {
    "id": 106,
    "name": "Terry Burke",
    "company": "Quaxo",
    "email": "tburke2x@mac.com",
    "phone": "66-(825)715-0445",
    "createdon": "8/26/2015"
}, {
    "id": 107,
    "name": "Michael Hicks",
    "company": "Zooveo",
    "email": "mhicks2y@umn.edu",
    "phone": "351-(488)594-6163",
    "createdon": "3/10/2015"
}, {
    "id": 108,
    "name": "Steve Campbell",
    "company": "Blogspan",
    "email": "scampbell2z@google.co.uk",
    "phone": "237-(189)341-1886",
    "createdon": "3/20/2015"
}, {
    "id": 109,
    "name": "Frank Murphy",
    "company": "Trilith",
    "email": "fmurphy30@friendfeed.com",
    "phone": "264-(460)779-4463",
    "createdon": "1/7/2015"
}, {
    "id": 110,
    "name": "Ernest Griffin",
    "company": "Riffwire",
    "email": "egriffin31@google.nl",
    "phone": "86-(138)930-2106",
    "createdon": "4/7/2015"
}, {
    "id": 111,
    "name": "Joe Morgan",
    "company": "Realblab",
    "email": "jmorgan32@discovery.com",
    "phone": "86-(606)972-4346",
    "createdon": "6/20/2015"
}, {
    "id": 112,
    "name": "Paula Fisher",
    "company": "Skivee",
    "email": "pfisher33@reverbnation.com",
    "phone": "63-(506)494-9330",
    "createdon": "12/23/2014"
}, {
    "id": 113,
    "name": "Lisa Brooks",
    "company": "Fivespan",
    "email": "lbrooks34@huffingtonpost.com",
    "phone": "976-(478)834-9753",
    "createdon": "7/8/2015"
}, {
    "id": 114,
    "name": "Adam Stone",
    "company": "Dabfeed",
    "email": "astone35@blinklist.com",
    "phone": "62-(743)944-5560",
    "createdon": "9/14/2015"
}, {
    "id": 115,
    "name": "Judy Kim",
    "company": "Fiveclub",
    "email": "jkim36@va.gov",
    "phone": "967-(410)772-7707",
    "createdon": "11/9/2015"
}, {
    "id": 116,
    "name": "Jonathan Woods",
    "company": "Dynabox",
    "email": "jwoods37@drupal.org",
    "phone": "66-(729)687-8131",
    "createdon": "11/26/2015"
}, {
    "id": 117,
    "name": "Jean Armstrong",
    "company": "Myworks",
    "email": "jarmstrong38@rambler.ru",
    "phone": "62-(593)175-7337",
    "createdon": "12/4/2014"
}, {
    "id": 118,
    "name": "Diane Dunn",
    "company": "Viva",
    "email": "ddunn39@xinhuanet.com",
    "phone": "356-(107)347-4575",
    "createdon": "9/27/2015"
}, {
    "id": 119,
    "name": "Rachel Johnston",
    "company": "Gigaclub",
    "email": "rjohnston3a@arstechnica.com",
    "phone": "46-(342)254-7129",
    "createdon": "6/8/2015"
}, {
    "id": 120,
    "name": "Mary Thomas",
    "company": "Wordify",
    "email": "mthomas3b@comcast.net",
    "phone": "351-(239)233-9160",
    "createdon": "11/15/2015"
}, {
    "id": 121,
    "name": "Lori George",
    "company": "Tagchat",
    "email": "lgeorge3c@archive.org",
    "phone": "63-(129)296-7551",
    "createdon": "11/27/2015"
}, {
    "id": 122,
    "name": "Chris Stanley",
    "company": "Rhybox",
    "email": "cstanley3d@ezinearticles.com",
    "phone": "81-(538)778-3999",
    "createdon": "7/15/2015"
}, {
    "id": 123,
    "name": "Juan Austin",
    "company": "Realbridge",
    "email": "jaustin3e@themeforest.net",
    "phone": "359-(340)534-8093",
    "createdon": "5/20/2015"
}, {
    "id": 124,
    "name": "Pamela Jordan",
    "company": "Meetz",
    "email": "pjordan3f@cmu.edu",
    "phone": "353-(857)617-5171",
    "createdon": "9/13/2015"
}, {
    "id": 125,
    "name": "Norma Olson",
    "company": "Chatterpoint",
    "email": "nolson3g@marriott.com",
    "phone": "86-(918)863-7267",
    "createdon": "9/26/2015"
}, {
    "id": 126,
    "name": "Wanda Moreno",
    "company": "Einti",
    "email": "wmoreno3h@washington.edu",
    "phone": "7-(704)387-8842",
    "createdon": "7/23/2015"
}, {
    "id": 127,
    "name": "Ann Gilbert",
    "company": "Gigabox",
    "email": "agilbert3i@xing.com",
    "phone": "98-(869)357-6791",
    "createdon": "6/23/2015"
}, {
    "id": 128,
    "name": "Clarence Hayes",
    "company": "Devpoint",
    "email": "chayes3j@rakuten.co.jp",
    "phone": "351-(430)961-4905",
    "createdon": "3/25/2015"
}, {
    "id": 129,
    "name": "Melissa Johnson",
    "company": "Blognation",
    "email": "mjohnson3k@dyndns.org",
    "phone": "255-(602)990-9026",
    "createdon": "10/28/2015"
}, {
    "id": 130,
    "name": "Lawrence Bradley",
    "company": "Realblab",
    "email": "lbradley3l@tinyurl.com",
    "phone": "7-(994)227-6409",
    "createdon": "12/11/2014"
}, {
    "id": 131,
    "name": "Heather Fernandez",
    "company": "Twitterwire",
    "email": "hfernandez3m@booking.com",
    "phone": "54-(203)839-0628",
    "createdon": "2/11/2015"
}, {
    "id": 132,
    "name": "Ruth Campbell",
    "company": "Eire",
    "email": "rcampbell3n@redcross.org",
    "phone": "81-(187)131-9764",
    "createdon": "8/10/2015"
}, {
    "id": 133,
    "name": "Barbara Bell",
    "company": "Thoughtblab",
    "email": "bbell3o@oracle.com",
    "phone": "55-(228)877-1661",
    "createdon": "10/25/2015"
}, {
    "id": 134,
    "name": "Marie Spencer",
    "company": "Vinder",
    "email": "mspencer3p@imageshack.us",
    "phone": "7-(996)689-7298",
    "createdon": "5/8/2015"
}, {
    "id": 135,
    "name": "Louise Williams",
    "company": "Livefish",
    "email": "lwilliams3q@chronoengine.com",
    "phone": "389-(360)254-4337",
    "createdon": "2/24/2015"
}, {
    "id": 136,
    "name": "Jack Montgomery",
    "company": "Wikizz",
    "email": "jmontgomery3r@cnbc.com",
    "phone": "86-(208)480-2822",
    "createdon": "1/19/2015"
}, {
    "id": 137,
    "name": "Alice Moreno",
    "company": "Babblestorm",
    "email": "amoreno3s@tiny.cc",
    "phone": "994-(456)534-8429",
    "createdon": "5/4/2015"
}, {
    "id": 138,
    "name": "Theresa Patterson",
    "company": "Jabberstorm",
    "email": "tpatterson3t@phoca.cz",
    "phone": "234-(302)244-8519",
    "createdon": "2/12/2015"
}, {
    "id": 139,
    "name": "Paul Burton",
    "company": "Brightbean",
    "email": "pburton3u@tinyurl.com",
    "phone": "505-(358)995-9219",
    "createdon": "3/21/2015"
}, {
    "id": 140,
    "name": "Jesse Martinez",
    "company": "Riffpath",
    "email": "jmartinez3v@a8.net",
    "phone": "86-(153)838-5395",
    "createdon": "10/12/2015"
}, {
    "id": 141,
    "name": "Mildred Wallace",
    "company": "Cogidoo",
    "email": "mwallace3w@youtube.com",
    "phone": "33-(114)129-7316",
    "createdon": "9/25/2015"
}, {
    "id": 142,
    "name": "Dennis Cruz",
    "company": "Dynabox",
    "email": "dcruz3x@reuters.com",
    "phone": "63-(931)842-6786",
    "createdon": "11/8/2015"
}, {
    "id": 143,
    "name": "Harry Willis",
    "company": "Youbridge",
    "email": "hwillis3y@bluehost.com",
    "phone": "20-(776)522-2182",
    "createdon": "8/18/2015"
}, {
    "id": 144,
    "name": "Louis Brooks",
    "company": "DabZ",
    "email": "lbrooks3z@angelfire.com",
    "phone": "234-(142)574-1953",
    "createdon": "10/6/2015"
}, {
    "id": 145,
    "name": "Randy Ortiz",
    "company": "Brainlounge",
    "email": "rortiz40@eventbrite.com",
    "phone": "256-(708)641-8337",
    "createdon": "5/6/2015"
}, {
    "id": 146,
    "name": "Paula Watkins",
    "company": "Kazio",
    "email": "pwatkins41@blogtalkradio.com",
    "phone": "691-(322)431-7528",
    "createdon": "3/2/2015"
}, {
    "id": 147,
    "name": "Paula Simpson",
    "company": "Yata",
    "email": "psimpson42@goodreads.com",
    "phone": "52-(618)387-4968",
    "createdon": "4/13/2015"
}, {
    "id": 148,
    "name": "Ruth Cole",
    "company": "Mita",
    "email": "rcole43@blogspot.com",
    "phone": "504-(319)873-9170",
    "createdon": "11/13/2015"
}, {
    "id": 149,
    "name": "Brian Carroll",
    "company": "Quimba",
    "email": "bcarroll44@4shared.com",
    "phone": "94-(875)743-7636",
    "createdon": "12/15/2014"
}, {
    "id": 150,
    "name": "Shirley Wagner",
    "company": "Devpoint",
    "email": "swagner45@about.me",
    "phone": "86-(154)474-5960",
    "createdon": "8/13/2015"
}, {
    "id": 151,
    "name": "Jane Butler",
    "company": "Thoughtmix",
    "email": "jbutler46@go.com",
    "phone": "62-(308)979-6630",
    "createdon": "1/27/2015"
}, {
    "id": 152,
    "name": "Amanda Burns",
    "company": "Brainlounge",
    "email": "aburns47@patch.com",
    "phone": "380-(394)814-4055",
    "createdon": "11/22/2015"
}, {
    "id": 153,
    "name": "Raymond Sanders",
    "company": "Voonte",
    "email": "rsanders48@arstechnica.com",
    "phone": "86-(886)243-2835",
    "createdon": "4/4/2015"
}, {
    "id": 154,
    "name": "Robert Carroll",
    "company": "Chatterbridge",
    "email": "rcarroll49@pcworld.com",
    "phone": "234-(630)855-5691",
    "createdon": "12/1/2014"
}, {
    "id": 155,
    "name": "Sara Schmidt",
    "company": "Npath",
    "email": "sschmidt4a@opera.com",
    "phone": "231-(562)970-8822",
    "createdon": "8/4/2015"
}, {
    "id": 156,
    "name": "Anna Perkins",
    "company": "Tagcat",
    "email": "aperkins4b@state.tx.us",
    "phone": "234-(866)494-2559",
    "createdon": "2/22/2015"
}, {
    "id": 157,
    "name": "Roger Wright",
    "company": "Twitterlist",
    "email": "rwright4c@phoca.cz",
    "phone": "375-(179)893-3748",
    "createdon": "2/27/2015"
}, {
    "id": 158,
    "name": "Julie Perkins",
    "company": "Twitterbeat",
    "email": "jperkins4d@netscape.com",
    "phone": "374-(392)729-6942",
    "createdon": "4/11/2015"
}, {
    "id": 159,
    "name": "Beverly Martinez",
    "company": "Tanoodle",
    "email": "bmartinez4e@e-recht24.de",
    "phone": "86-(980)362-3363",
    "createdon": "9/26/2015"
}, {
    "id": 160,
    "name": "Linda Chapman",
    "company": "Digitube",
    "email": "lchapman4f@google.co.jp",
    "phone": "86-(619)467-1933",
    "createdon": "5/16/2015"
}, {
    "id": 161,
    "name": "Kathy Miller",
    "company": "Skimia",
    "email": "kmiller4g@springer.com",
    "phone": "86-(428)424-5154",
    "createdon": "8/1/2015"
}, {
    "id": 162,
    "name": "Richard Lawrence",
    "company": "Devpoint",
    "email": "rlawrence4h@mapquest.com",
    "phone": "62-(370)595-3556",
    "createdon": "5/2/2015"
}, {
    "id": 163,
    "name": "Nancy Wagner",
    "company": "Flashdog",
    "email": "nwagner4i@deliciousdays.com",
    "phone": "86-(549)597-9979",
    "createdon": "5/10/2015"
}, {
    "id": 164,
    "name": "Harold Gibson",
    "company": "Vipe",
    "email": "hgibson4j@joomla.org",
    "phone": "86-(870)395-8453",
    "createdon": "2/10/2015"
}, {
    "id": 165,
    "name": "Sean Lee",
    "company": "Pixoboo",
    "email": "slee4k@posterous.com",
    "phone": "62-(552)877-5856",
    "createdon": "9/19/2015"
}, {
    "id": 166,
    "name": "Raymond Reynolds",
    "company": "Avamba",
    "email": "rreynolds4l@infoseek.co.jp",
    "phone": "62-(204)565-5932",
    "createdon": "10/4/2015"
}, {
    "id": 167,
    "name": "Diane Barnes",
    "company": "Tagchat",
    "email": "dbarnes4m@google.co.uk",
    "phone": "47-(886)477-3927",
    "createdon": "10/16/2015"
}, {
    "id": 168,
    "name": "Donald Washington",
    "company": "Brainbox",
    "email": "dwashington4n@blogger.com",
    "phone": "86-(705)648-7372",
    "createdon": "11/10/2015"
}, {
    "id": 169,
    "name": "Debra Edwards",
    "company": "Babbleblab",
    "email": "dedwards4o@over-blog.com",
    "phone": "62-(999)869-6835",
    "createdon": "8/5/2015"
}, {
    "id": 170,
    "name": "Elizabeth Hicks",
    "company": "Realbuzz",
    "email": "ehicks4p@eventbrite.com",
    "phone": "1-(361)751-4238",
    "createdon": "1/1/2015"
}, {
    "id": 171,
    "name": "Margaret Rivera",
    "company": "Zooxo",
    "email": "mrivera4q@salon.com",
    "phone": "7-(882)647-4716",
    "createdon": "7/5/2015"
}, {
    "id": 172,
    "name": "Bobby Andrews",
    "company": "Buzzbean",
    "email": "bandrews4r@ft.com",
    "phone": "33-(232)116-2491",
    "createdon": "1/21/2015"
}, {
    "id": 173,
    "name": "Jerry Hughes",
    "company": "Minyx",
    "email": "jhughes4s@skype.com",
    "phone": "20-(824)701-0344",
    "createdon": "3/5/2015"
}, {
    "id": 174,
    "name": "Nancy Green",
    "company": "Voonte",
    "email": "ngreen4t@msn.com",
    "phone": "33-(955)249-3234",
    "createdon": "5/9/2015"
}, {
    "id": 175,
    "name": "Shirley Fields",
    "company": "Skipstorm",
    "email": "sfields4u@meetup.com",
    "phone": "51-(969)145-5568",
    "createdon": "12/6/2014"
}, {
    "id": 176,
    "name": "Kenneth Morris",
    "company": "Jaxworks",
    "email": "kmorris4v@patch.com",
    "phone": "237-(647)254-3719",
    "createdon": "1/9/2015"
}, {
    "id": 177,
    "name": "Kelly Murray",
    "company": "Youspan",
    "email": "kmurray4w@joomla.org",
    "phone": "976-(185)264-5835",
    "createdon": "11/1/2015"
}, {
    "id": 178,
    "name": "Jeremy Perry",
    "company": "Meembee",
    "email": "jperry4x@economist.com",
    "phone": "62-(814)125-9112",
    "createdon": "12/12/2014"
}, {
    "id": 179,
    "name": "Ann Garza",
    "company": "Meezzy",
    "email": "agarza4y@github.io",
    "phone": "7-(652)516-9378",
    "createdon": "4/26/2015"
}, {
    "id": 180,
    "name": "Phillip Coleman",
    "company": "Cogidoo",
    "email": "pcoleman4z@hhs.gov",
    "phone": "976-(760)330-0056",
    "createdon": "11/3/2015"
}, {
    "id": 181,
    "name": "Rose Ortiz",
    "company": "Miboo",
    "email": "rortiz50@accuweather.com",
    "phone": "48-(388)782-8115",
    "createdon": "6/6/2015"
}, {
    "id": 182,
    "name": "Kenneth Brooks",
    "company": "Rhycero",
    "email": "kbrooks51@patch.com",
    "phone": "48-(789)276-3335",
    "createdon": "7/15/2015"
}, {
    "id": 183,
    "name": "Eric Graham",
    "company": "Meevee",
    "email": "egraham52@cyberchimps.com",
    "phone": "48-(345)746-8379",
    "createdon": "3/4/2015"
}, {
    "id": 184,
    "name": "Brenda Perez",
    "company": "Skyndu",
    "email": "bperez53@theglobeandmail.com",
    "phone": "33-(875)346-3214",
    "createdon": "3/30/2015"
}, {
    "id": 185,
    "name": "Julie Gibson",
    "company": "Demizz",
    "email": "jgibson54@123-reg.co.uk",
    "phone": "7-(919)832-9492",
    "createdon": "12/13/2014"
}, {
    "id": 186,
    "name": "Anthony Bishop",
    "company": "Photofeed",
    "email": "abishop55@ameblo.jp",
    "phone": "30-(203)170-6290",
    "createdon": "5/14/2015"
}, {
    "id": 187,
    "name": "Ronald Jones",
    "company": "Jazzy",
    "email": "rjones56@shinystat.com",
    "phone": "86-(628)224-5383",
    "createdon": "7/16/2015"
}, {
    "id": 188,
    "name": "Nicole Stevens",
    "company": "Skivee",
    "email": "nstevens57@de.vu",
    "phone": "1-(574)325-9582",
    "createdon": "10/14/2015"
}, {
    "id": 189,
    "name": "Phyllis Miller",
    "company": "Pixonyx",
    "email": "pmiller58@umich.edu",
    "phone": "689-(190)234-0956",
    "createdon": "10/13/2015"
}, {
    "id": 190,
    "name": "Doris Gibson",
    "company": "Voolith",
    "email": "dgibson59@booking.com",
    "phone": "251-(999)229-1904",
    "createdon": "8/18/2015"
}, {
    "id": 191,
    "name": "Benjamin Gray",
    "company": "Kazu",
    "email": "bgray5a@quantcast.com",
    "phone": "62-(107)976-9882",
    "createdon": "6/26/2015"
}, {
    "id": 192,
    "name": "Harold Sanders",
    "company": "Babbleset",
    "email": "hsanders5b@ycombinator.com",
    "phone": "62-(495)722-0338",
    "createdon": "3/12/2015"
}, {
    "id": 193,
    "name": "Elizabeth Parker",
    "company": "Jayo",
    "email": "eparker5c@devhub.com",
    "phone": "86-(395)813-5254",
    "createdon": "2/9/2015"
}, {
    "id": 194,
    "name": "Ryan Hill",
    "company": "Kanoodle",
    "email": "rhill5d@shop-pro.jp",
    "phone": "591-(440)763-7089",
    "createdon": "6/6/2015"
}, {
    "id": 195,
    "name": "Bonnie Fox",
    "company": "Blogtags",
    "email": "bfox5e@cbc.ca",
    "phone": "86-(551)169-4781",
    "createdon": "1/26/2015"
}, {
    "id": 196,
    "name": "Nicholas Mcdonald",
    "company": "Fivespan",
    "email": "nmcdonald5f@cdc.gov",
    "phone": "267-(521)809-1580",
    "createdon": "8/4/2015"
}, {
    "id": 197,
    "name": "Henry King",
    "company": "Tagcat",
    "email": "hking5g@trellian.com",
    "phone": "51-(575)991-5947",
    "createdon": "10/20/2015"
}, {
    "id": 198,
    "name": "Joe Johnson",
    "company": "Blogspan",
    "email": "jjohnson5h@prlog.org",
    "phone": "48-(529)878-5860",
    "createdon": "12/18/2014"
}, {
    "id": 199,
    "name": "Ernest Peterson",
    "company": "Jabberstorm",
    "email": "epeterson5i@about.com",
    "phone": "63-(735)444-5590",
    "createdon": "9/14/2015"
}, {
    "id": 200,
    "name": "Stephen Bryant",
    "company": "Livefish",
    "email": "sbryant5j@over-blog.com",
    "phone": "970-(574)180-2690",
    "createdon": "3/13/2015"
}, {
    "id": 201,
    "name": "Emily Alexander",
    "company": "Vinte",
    "email": "ealexander5k@ca.gov",
    "phone": "46-(381)424-8445",
    "createdon": "10/2/2015"
}, {
    "id": 202,
    "name": "Scott Matthews",
    "company": "Thoughtsphere",
    "email": "smatthews5l@moonfruit.com",
    "phone": "351-(749)826-5852",
    "createdon": "8/2/2015"
}, {
    "id": 203,
    "name": "Anne Kelley",
    "company": "Yotz",
    "email": "akelley5m@shop-pro.jp",
    "phone": "998-(286)166-3954",
    "createdon": "8/7/2015"
}, {
    "id": 204,
    "name": "Evelyn Medina",
    "company": "Devbug",
    "email": "emedina5n@newyorker.com",
    "phone": "33-(921)156-6275",
    "createdon": "8/4/2015"
}, {
    "id": 205,
    "name": "Mary Webb",
    "company": "Agimba",
    "email": "mwebb5o@shareasale.com",
    "phone": "46-(825)803-3191",
    "createdon": "8/30/2015"
}, {
    "id": 206,
    "name": "Irene Price",
    "company": "Tagtune",
    "email": "iprice5p@yellowbook.com",
    "phone": "372-(763)503-1910",
    "createdon": "7/5/2015"
}, {
    "id": 207,
    "name": "Michelle Ross",
    "company": "Browsezoom",
    "email": "mross5q@stumbleupon.com",
    "phone": "351-(685)644-9279",
    "createdon": "3/3/2015"
}, {
    "id": 208,
    "name": "Jesse Chavez",
    "company": "Voomm",
    "email": "jchavez5r@furl.net",
    "phone": "30-(240)602-6122",
    "createdon": "12/4/2014"
}, {
    "id": 209,
    "name": "Douglas Jordan",
    "company": "Janyx",
    "email": "djordan5s@deliciousdays.com",
    "phone": "86-(558)201-9183",
    "createdon": "5/14/2015"
}, {
    "id": 210,
    "name": "Deborah Martinez",
    "company": "Rhyzio",
    "email": "dmartinez5t@tinyurl.com",
    "phone": "7-(651)931-4168",
    "createdon": "4/6/2015"
}, {
    "id": 211,
    "name": "Doris Black",
    "company": "Lajo",
    "email": "dblack5u@intel.com",
    "phone": "55-(372)808-8795",
    "createdon": "12/23/2014"
}, {
    "id": 212,
    "name": "Emily Johnson",
    "company": "Yadel",
    "email": "ejohnson5v@sphinn.com",
    "phone": "998-(226)875-2038",
    "createdon": "5/29/2015"
}, {
    "id": 213,
    "name": "Patrick Berry",
    "company": "Youspan",
    "email": "pberry5w@washingtonpost.com",
    "phone": "351-(366)841-9023",
    "createdon": "8/6/2015"
}, {
    "id": 214,
    "name": "Jose Davis",
    "company": "Rhynoodle",
    "email": "jdavis5x@netlog.com",
    "phone": "86-(174)364-1411",
    "createdon": "6/19/2015"
}, {
    "id": 215,
    "name": "Sharon Young",
    "company": "Yadel",
    "email": "syoung5y@nasa.gov",
    "phone": "374-(955)814-2302",
    "createdon": "10/9/2015"
}, {
    "id": 216,
    "name": "Susan Young",
    "company": "JumpXS",
    "email": "syoung5z@oracle.com",
    "phone": "509-(576)239-8262",
    "createdon": "3/16/2015"
}, {
    "id": 217,
    "name": "Douglas Dunn",
    "company": "Kamba",
    "email": "ddunn60@weebly.com",
    "phone": "62-(788)816-4354",
    "createdon": "2/23/2015"
}, {
    "id": 218,
    "name": "Jessica Hanson",
    "company": "Mynte",
    "email": "jhanson61@weibo.com",
    "phone": "54-(599)289-0125",
    "createdon": "7/11/2015"
}, {
    "id": 219,
    "name": "Jesse Olson",
    "company": "Agimba",
    "email": "jolson62@harvard.edu",
    "phone": "86-(408)875-4356",
    "createdon": "2/27/2015"
}, {
    "id": 220,
    "name": "Shawn James",
    "company": "Wikizz",
    "email": "sjames63@huffingtonpost.com",
    "phone": "32-(679)150-9379",
    "createdon": "2/14/2015"
}, {
    "id": 221,
    "name": "Wayne Harvey",
    "company": "Voonix",
    "email": "wharvey64@opensource.org",
    "phone": "63-(522)220-3090",
    "createdon": "1/10/2015"
}, {
    "id": 222,
    "name": "Ruth Hicks",
    "company": "Mybuzz",
    "email": "rhicks65@yandex.ru",
    "phone": "55-(784)609-9573",
    "createdon": "3/8/2015"
}, {
    "id": 223,
    "name": "Donald Bishop",
    "company": "Zoonder",
    "email": "dbishop66@businesswire.com",
    "phone": "62-(550)461-5627",
    "createdon": "12/5/2014"
}, {
    "id": 224,
    "name": "Annie Cunningham",
    "company": "Oyope",
    "email": "acunningham67@t-online.de",
    "phone": "51-(980)164-0342",
    "createdon": "7/13/2015"
}, {
    "id": 225,
    "name": "Deborah Nelson",
    "company": "Eimbee",
    "email": "dnelson68@tamu.edu",
    "phone": "504-(417)647-4250",
    "createdon": "8/22/2015"
}, {
    "id": 226,
    "name": "Craig Burns",
    "company": "Devpoint",
    "email": "cburns69@ocn.ne.jp",
    "phone": "689-(373)769-6044",
    "createdon": "7/11/2015"
}, {
    "id": 227,
    "name": "Samuel Patterson",
    "company": "Gigashots",
    "email": "spatterson6a@mozilla.org",
    "phone": "86-(288)246-0116",
    "createdon": "8/8/2015"
}, {
    "id": 228,
    "name": "Paula Harris",
    "company": "Lazzy",
    "email": "pharris6b@clickbank.net",
    "phone": "27-(786)465-1409",
    "createdon": "2/16/2015"
}, {
    "id": 229,
    "name": "Amy Henderson",
    "company": "Fiveclub",
    "email": "ahenderson6c@ft.com",
    "phone": "46-(363)553-6920",
    "createdon": "2/12/2015"
}, {
    "id": 230,
    "name": "Sara Parker",
    "company": "Tazz",
    "email": "sparker6d@skyrock.com",
    "phone": "54-(501)852-2385",
    "createdon": "11/27/2015"
}, {
    "id": 231,
    "name": "Paula Olson",
    "company": "Gabvine",
    "email": "polson6e@springer.com",
    "phone": "1-(133)363-3025",
    "createdon": "9/27/2015"
}, {
    "id": 232,
    "name": "Walter Powell",
    "company": "Photolist",
    "email": "wpowell6f@hatena.ne.jp",
    "phone": "63-(499)951-7581",
    "createdon": "4/23/2015"
}, {
    "id": 233,
    "name": "Harold Griffin",
    "company": "Oyondu",
    "email": "hgriffin6g@usatoday.com",
    "phone": "86-(749)371-4301",
    "createdon": "10/14/2015"
}, {
    "id": 234,
    "name": "Frank Boyd",
    "company": "Camimbo",
    "email": "fboyd6h@loc.gov",
    "phone": "420-(909)756-5794",
    "createdon": "10/24/2015"
}, {
    "id": 235,
    "name": "Sean Hudson",
    "company": "Kazu",
    "email": "shudson6i@sun.com",
    "phone": "52-(726)835-6856",
    "createdon": "11/24/2015"
}, {
    "id": 236,
    "name": "Laura Arnold",
    "company": "Topiclounge",
    "email": "larnold6j@usnews.com",
    "phone": "63-(986)600-1394",
    "createdon": "8/2/2015"
}, {
    "id": 237,
    "name": "Steven Foster",
    "company": "Topicstorm",
    "email": "sfoster6k@cnet.com",
    "phone": "504-(883)189-2310",
    "createdon": "6/7/2015"
}, {
    "id": 238,
    "name": "Arthur Gutierrez",
    "company": "Dablist",
    "email": "agutierrez6l@disqus.com",
    "phone": "46-(938)101-3561",
    "createdon": "2/23/2015"
}, {
    "id": 239,
    "name": "Barbara Vasquez",
    "company": "Rhycero",
    "email": "bvasquez6m@etsy.com",
    "phone": "351-(659)657-6805",
    "createdon": "7/6/2015"
}, {
    "id": 240,
    "name": "Jeremy Brooks",
    "company": "Innojam",
    "email": "jbrooks6n@photobucket.com",
    "phone": "62-(847)380-2815",
    "createdon": "11/11/2015"
}, {
    "id": 241,
    "name": "Shirley Ferguson",
    "company": "Rooxo",
    "email": "sferguson6o@istockphoto.com",
    "phone": "86-(359)951-1449",
    "createdon": "4/7/2015"
}, {
    "id": 242,
    "name": "Jason Berry",
    "company": "Wikido",
    "email": "jberry6p@skype.com",
    "phone": "86-(918)822-5559",
    "createdon": "4/15/2015"
}, {
    "id": 243,
    "name": "Amanda Larson",
    "company": "Pixope",
    "email": "alarson6q@oaic.gov.au",
    "phone": "380-(518)295-4111",
    "createdon": "1/10/2015"
}, {
    "id": 244,
    "name": "Donald Frazier",
    "company": "Skidoo",
    "email": "dfrazier6r@dailymail.co.uk",
    "phone": "359-(437)780-8153",
    "createdon": "2/18/2015"
}, {
    "id": 245,
    "name": "Rebecca Stewart",
    "company": "Yabox",
    "email": "rstewart6s@mit.edu",
    "phone": "57-(746)642-9454",
    "createdon": "7/2/2015"
}, {
    "id": 246,
    "name": "Linda Wilson",
    "company": "Fatz",
    "email": "lwilson6t@tumblr.com",
    "phone": "62-(752)649-0889",
    "createdon": "3/22/2015"
}, {
    "id": 247,
    "name": "Louis Chapman",
    "company": "Quamba",
    "email": "lchapman6u@instagram.com",
    "phone": "62-(983)196-5899",
    "createdon": "2/16/2015"
}, {
    "id": 248,
    "name": "Edward Mason",
    "company": "Dabfeed",
    "email": "emason6v@columbia.edu",
    "phone": "242-(583)634-6425",
    "createdon": "11/12/2015"
}, {
    "id": 249,
    "name": "Michelle Wheeler",
    "company": "Oodoo",
    "email": "mwheeler6w@yahoo.com",
    "phone": "86-(146)752-5016",
    "createdon": "6/1/2015"
}, {
    "id": 250,
    "name": "Jane Matthews",
    "company": "Thoughtstorm",
    "email": "jmatthews6x@house.gov",
    "phone": "81-(589)617-6162",
    "createdon": "10/28/2015"
}, {
    "id": 251,
    "name": "Daniel Willis",
    "company": "Gevee",
    "email": "dwillis6y@freewebs.com",
    "phone": "51-(799)680-6929",
    "createdon": "11/15/2015"
}, {
    "id": 252,
    "name": "Emily Wood",
    "company": "Tagtune",
    "email": "ewood6z@domainmarket.com",
    "phone": "420-(462)504-3506",
    "createdon": "3/17/2015"
}, {
    "id": 253,
    "name": "Ashley Chavez",
    "company": "Ooba",
    "email": "achavez70@scientificamerican.com",
    "phone": "54-(839)990-9146",
    "createdon": "11/3/2015"
}, {
    "id": 254,
    "name": "Kimberly Clark",
    "company": "Muxo",
    "email": "kclark71@123-reg.co.uk",
    "phone": "51-(528)720-5939",
    "createdon": "6/15/2015"
}, {
    "id": 255,
    "name": "Tammy Lewis",
    "company": "Quaxo",
    "email": "tlewis72@ftc.gov",
    "phone": "55-(709)206-0044",
    "createdon": "7/27/2015"
}, {
    "id": 256,
    "name": "Dennis Berry",
    "company": "Fanoodle",
    "email": "dberry73@reddit.com",
    "phone": "53-(477)724-8558",
    "createdon": "4/28/2015"
}, {
    "id": 257,
    "name": "Jessica Brooks",
    "company": "Vinte",
    "email": "jbrooks74@bravesites.com",
    "phone": "63-(345)623-5964",
    "createdon": "1/5/2015"
}, {
    "id": 258,
    "name": "Eugene Hunt",
    "company": "Latz",
    "email": "ehunt75@webeden.co.uk",
    "phone": "57-(309)580-8087",
    "createdon": "6/19/2015"
}, {
    "id": 259,
    "name": "Eugene Butler",
    "company": "Pixope",
    "email": "ebutler76@ucoz.com",
    "phone": "63-(242)917-5794",
    "createdon": "1/18/2015"
}, {
    "id": 260,
    "name": "Alice Garrett",
    "company": "Edgeblab",
    "email": "agarrett77@nsw.gov.au",
    "phone": "63-(595)641-2118",
    "createdon": "12/14/2014"
}, {
    "id": 261,
    "name": "Bobby Woods",
    "company": "Realblab",
    "email": "bwoods78@vistaprint.com",
    "phone": "591-(715)377-5128",
    "createdon": "4/26/2015"
}, {
    "id": 262,
    "name": "Diana Garcia",
    "company": "Fadeo",
    "email": "dgarcia79@macromedia.com",
    "phone": "48-(496)349-2615",
    "createdon": "9/9/2015"
}, {
    "id": 263,
    "name": "Gloria Fields",
    "company": "Mynte",
    "email": "gfields7a@t-online.de",
    "phone": "62-(765)471-3371",
    "createdon": "10/17/2015"
}, {
    "id": 264,
    "name": "Marilyn Fox",
    "company": "Skinder",
    "email": "mfox7b@examiner.com",
    "phone": "1-(671)195-5841",
    "createdon": "11/1/2015"
}, {
    "id": 265,
    "name": "Timothy Matthews",
    "company": "Jabbersphere",
    "email": "tmatthews7c@wunderground.com",
    "phone": "1-(748)192-0284",
    "createdon": "10/15/2015"
}, {
    "id": 266,
    "name": "Sean Oliver",
    "company": "Wordtune",
    "email": "soliver7d@facebook.com",
    "phone": "63-(602)682-1756",
    "createdon": "8/31/2015"
}, {
    "id": 267,
    "name": "Joan Bailey",
    "company": "Divavu",
    "email": "jbailey7e@mac.com",
    "phone": "504-(444)410-4480",
    "createdon": "4/5/2015"
}, {
    "id": 268,
    "name": "Rachel Henry",
    "company": "Edgeify",
    "email": "rhenry7f@jiathis.com",
    "phone": "86-(733)767-3104",
    "createdon": "12/21/2014"
}, {
    "id": 269,
    "name": "Stephanie Ferguson",
    "company": "Eimbee",
    "email": "sferguson7g@nps.gov",
    "phone": "48-(831)593-5098",
    "createdon": "1/1/2015"
}, {
    "id": 270,
    "name": "Robert Myers",
    "company": "Kwilith",
    "email": "rmyers7h@ucla.edu",
    "phone": "504-(970)596-2779",
    "createdon": "11/13/2015"
}, {
    "id": 271,
    "name": "Joe Morales",
    "company": "Meemm",
    "email": "jmorales7i@psu.edu",
    "phone": "380-(448)217-1223",
    "createdon": "3/7/2015"
}, {
    "id": 272,
    "name": "Martha Robertson",
    "company": "Layo",
    "email": "mrobertson7j@linkedin.com",
    "phone": "46-(730)938-6174",
    "createdon": "8/20/2015"
}, {
    "id": 273,
    "name": "Shawn Collins",
    "company": "Abata",
    "email": "scollins7k@google.pl",
    "phone": "86-(340)454-4590",
    "createdon": "3/3/2015"
}, {
    "id": 274,
    "name": "Jennifer Williamson",
    "company": "Edgetag",
    "email": "jwilliamson7l@google.ca",
    "phone": "373-(811)649-5456",
    "createdon": "6/18/2015"
}, {
    "id": 275,
    "name": "Stephen Hernandez",
    "company": "Thoughtstorm",
    "email": "shernandez7m@drupal.org",
    "phone": "86-(327)409-0169",
    "createdon": "3/22/2015"
}, {
    "id": 276,
    "name": "Phillip Kim",
    "company": "Blogtags",
    "email": "pkim7n@alibaba.com",
    "phone": "234-(968)927-9876",
    "createdon": "8/11/2015"
}, {
    "id": 277,
    "name": "Earl Butler",
    "company": "Voonte",
    "email": "ebutler7o@gravatar.com",
    "phone": "48-(828)218-9277",
    "createdon": "4/4/2015"
}, {
    "id": 278,
    "name": "Carl Fernandez",
    "company": "Thoughtblab",
    "email": "cfernandez7p@about.com",
    "phone": "380-(289)653-3826",
    "createdon": "12/23/2014"
}, {
    "id": 279,
    "name": "Philip Rivera",
    "company": "Brainsphere",
    "email": "privera7q@spotify.com",
    "phone": "86-(759)502-8229",
    "createdon": "9/28/2015"
}, {
    "id": 280,
    "name": "Ryan Stanley",
    "company": "Mycat",
    "email": "rstanley7r@tinypic.com",
    "phone": "7-(894)885-5404",
    "createdon": "7/30/2015"
}, {
    "id": 281,
    "name": "Janice Harvey",
    "company": "Devpulse",
    "email": "jharvey7s@etsy.com",
    "phone": "63-(265)975-5167",
    "createdon": "12/18/2014"
}, {
    "id": 282,
    "name": "Kimberly Payne",
    "company": "Riffpedia",
    "email": "kpayne7t@ucsd.edu",
    "phone": "86-(777)613-1550",
    "createdon": "2/12/2015"
}, {
    "id": 283,
    "name": "Jean Fuller",
    "company": "Katz",
    "email": "jfuller7u@reverbnation.com",
    "phone": "20-(763)455-5849",
    "createdon": "10/25/2015"
}, {
    "id": 284,
    "name": "Steve Little",
    "company": "Tagtune",
    "email": "slittle7v@home.pl",
    "phone": "63-(422)816-5246",
    "createdon": "10/10/2015"
}, {
    "id": 285,
    "name": "Carolyn Reynolds",
    "company": "Twitterwire",
    "email": "creynolds7w@unc.edu",
    "phone": "7-(840)868-1175",
    "createdon": "4/22/2015"
}, {
    "id": 286,
    "name": "Rose Wood",
    "company": "Livepath",
    "email": "rwood7x@opensource.org",
    "phone": "1-(197)262-7577",
    "createdon": "12/26/2014"
}, {
    "id": 287,
    "name": "Virginia Owens",
    "company": "Yacero",
    "email": "vowens7y@yahoo.com",
    "phone": "63-(912)112-9533",
    "createdon": "7/22/2015"
}, {
    "id": 288,
    "name": "Bruce Bowman",
    "company": "Wikizz",
    "email": "bbowman7z@examiner.com",
    "phone": "972-(543)907-2661",
    "createdon": "11/12/2015"
}, {
    "id": 289,
    "name": "Alan Palmer",
    "company": "Shufflebeat",
    "email": "apalmer80@lycos.com",
    "phone": "505-(613)697-9000",
    "createdon": "11/13/2015"
}, {
    "id": 290,
    "name": "Patricia Edwards",
    "company": "Voonyx",
    "email": "pedwards81@de.vu",
    "phone": "33-(485)552-2326",
    "createdon": "6/23/2015"
}, {
    "id": 291,
    "name": "Doris Owens",
    "company": "Divavu",
    "email": "dowens82@yale.edu",
    "phone": "380-(600)467-4228",
    "createdon": "10/17/2015"
}, {
    "id": 292,
    "name": "Willie Martin",
    "company": "Babbleblab",
    "email": "wmartin83@indiatimes.com",
    "phone": "7-(133)359-3399",
    "createdon": "5/7/2015"
}, {
    "id": 293,
    "name": "Brenda Fowler",
    "company": "Flipstorm",
    "email": "bfowler84@com.com",
    "phone": "1-(242)117-4751",
    "createdon": "10/15/2015"
}, {
    "id": 294,
    "name": "Ryan Anderson",
    "company": "Agimba",
    "email": "randerson85@techcrunch.com",
    "phone": "55-(805)561-2152",
    "createdon": "3/18/2015"
}, {
    "id": 295,
    "name": "Andrew Martin",
    "company": "Bubblemix",
    "email": "amartin86@reddit.com",
    "phone": "86-(659)752-2622",
    "createdon": "6/7/2015"
}, {
    "id": 296,
    "name": "Annie Baker",
    "company": "Roomm",
    "email": "abaker87@photobucket.com",
    "phone": "380-(327)201-0265",
    "createdon": "4/1/2015"
}, {
    "id": 297,
    "name": "Doris Carpenter",
    "company": "Eidel",
    "email": "dcarpenter88@unblog.fr",
    "phone": "7-(350)185-1072",
    "createdon": "4/20/2015"
}, {
    "id": 298,
    "name": "Kathleen Garrett",
    "company": "Twitterwire",
    "email": "kgarrett89@imgur.com",
    "phone": "62-(724)397-5438",
    "createdon": "12/4/2014"
}, {
    "id": 299,
    "name": "Joseph Schmidt",
    "company": "Viva",
    "email": "jschmidt8a@booking.com",
    "phone": "46-(694)912-7458",
    "createdon": "9/24/2015"
}, {
    "id": 300,
    "name": "Theresa Thomas",
    "company": "Innotype",
    "email": "tthomas8b@utexas.edu",
    "phone": "63-(625)545-4281",
    "createdon": "11/13/2015"
}, {
    "id": 301,
    "name": "Debra Brooks",
    "company": "Meemm",
    "email": "dbrooks8c@behance.net",
    "phone": "98-(855)632-5803",
    "createdon": "4/7/2015"
}, {
    "id": 302,
    "name": "Amanda Evans",
    "company": "Eadel",
    "email": "aevans8d@stumbleupon.com",
    "phone": "86-(539)995-4472",
    "createdon": "6/22/2015"
}, {
    "id": 303,
    "name": "Walter Ryan",
    "company": "Mydeo",
    "email": "wryan8e@bing.com",
    "phone": "62-(511)885-5923",
    "createdon": "9/23/2015"
}, {
    "id": 304,
    "name": "Mark Jackson",
    "company": "Kwimbee",
    "email": "mjackson8f@time.com",
    "phone": "58-(271)405-0674",
    "createdon": "6/24/2015"
}, {
    "id": 305,
    "name": "Douglas Stevens",
    "company": "Centimia",
    "email": "dstevens8g@nationalgeographic.com",
    "phone": "420-(911)962-8507",
    "createdon": "3/5/2015"
}, {
    "id": 306,
    "name": "Wanda Rose",
    "company": "Topicstorm",
    "email": "wrose8h@fema.gov",
    "phone": "62-(307)341-3889",
    "createdon": "2/23/2015"
}, {
    "id": 307,
    "name": "Juan Mcdonald",
    "company": "Fivebridge",
    "email": "jmcdonald8i@mlb.com",
    "phone": "976-(632)941-3165",
    "createdon": "10/16/2015"
}, {
    "id": 308,
    "name": "Sean Gilbert",
    "company": "Cogidoo",
    "email": "sgilbert8j@earthlink.net",
    "phone": "86-(425)511-8342",
    "createdon": "8/26/2015"
}, {
    "id": 309,
    "name": "Steven Thomas",
    "company": "Kwilith",
    "email": "sthomas8k@gmpg.org",
    "phone": "64-(993)553-0069",
    "createdon": "5/2/2015"
}, {
    "id": 310,
    "name": "Lillian Murray",
    "company": "Jabbersphere",
    "email": "lmurray8l@networkadvertising.org",
    "phone": "63-(595)218-0543",
    "createdon": "7/5/2015"
}, {
    "id": 311,
    "name": "Philip Spencer",
    "company": "DabZ",
    "email": "pspencer8m@google.pl",
    "phone": "62-(202)834-4465",
    "createdon": "9/3/2015"
}, {
    "id": 312,
    "name": "David Morgan",
    "company": "Gabtype",
    "email": "dmorgan8n@admin.ch",
    "phone": "62-(852)406-1268",
    "createdon": "1/15/2015"
}, {
    "id": 313,
    "name": "Anna Rice",
    "company": "Wikivu",
    "email": "arice8o@ox.ac.uk",
    "phone": "1-(202)719-3389",
    "createdon": "12/23/2014"
}, {
    "id": 314,
    "name": "Paul Carroll",
    "company": "Izio",
    "email": "pcarroll8p@unblog.fr",
    "phone": "55-(438)445-7474",
    "createdon": "5/19/2015"
}, {
    "id": 315,
    "name": "Douglas Garcia",
    "company": "Shuffledrive",
    "email": "dgarcia8q@sfgate.com",
    "phone": "63-(345)981-2379",
    "createdon": "10/9/2015"
}, {
    "id": 316,
    "name": "Catherine Duncan",
    "company": "Feednation",
    "email": "cduncan8r@chronoengine.com",
    "phone": "86-(181)575-4832",
    "createdon": "6/26/2015"
}, {
    "id": 317,
    "name": "Ann Burton",
    "company": "Jaxbean",
    "email": "aburton8s@naver.com",
    "phone": "7-(934)631-6691",
    "createdon": "10/29/2015"
}, {
    "id": 318,
    "name": "Sara Woods",
    "company": "Gabcube",
    "email": "swoods8t@cpanel.net",
    "phone": "33-(619)397-2637",
    "createdon": "8/18/2015"
}, {
    "id": 319,
    "name": "Billy Fields",
    "company": "Devbug",
    "email": "bfields8u@comsenz.com",
    "phone": "7-(951)182-2676",
    "createdon": "9/28/2015"
}, {
    "id": 320,
    "name": "Roger Cunningham",
    "company": "Voolith",
    "email": "rcunningham8v@example.com",
    "phone": "351-(273)710-0461",
    "createdon": "12/23/2014"
}, {
    "id": 321,
    "name": "Albert Williamson",
    "company": "Podcat",
    "email": "awilliamson8w@uol.com.br",
    "phone": "55-(131)173-7084",
    "createdon": "4/7/2015"
}, {
    "id": 322,
    "name": "Willie Watson",
    "company": "Jamia",
    "email": "wwatson8x@newyorker.com",
    "phone": "353-(281)144-4520",
    "createdon": "4/13/2015"
}, {
    "id": 323,
    "name": "Evelyn Patterson",
    "company": "Zoomcast",
    "email": "epatterson8y@qq.com",
    "phone": "86-(877)180-6070",
    "createdon": "2/23/2015"
}, {
    "id": 324,
    "name": "Jimmy Knight",
    "company": "Talane",
    "email": "jknight8z@comcast.net",
    "phone": "62-(190)106-6134",
    "createdon": "3/7/2015"
}, {
    "id": 325,
    "name": "Benjamin Harrison",
    "company": "Blogtag",
    "email": "bharrison90@mtv.com",
    "phone": "84-(565)935-5099",
    "createdon": "6/20/2015"
}, {
    "id": 326,
    "name": "Louis Vasquez",
    "company": "Buzzdog",
    "email": "lvasquez91@craigslist.org",
    "phone": "86-(789)869-5778",
    "createdon": "4/27/2015"
}, {
    "id": 327,
    "name": "Paul Marshall",
    "company": "Voonix",
    "email": "pmarshall92@squidoo.com",
    "phone": "420-(768)984-7553",
    "createdon": "4/15/2015"
}, {
    "id": 328,
    "name": "Fred Butler",
    "company": "Tazz",
    "email": "fbutler93@sogou.com",
    "phone": "86-(534)440-1880",
    "createdon": "10/6/2015"
}, {
    "id": 329,
    "name": "Scott Roberts",
    "company": "Yacero",
    "email": "sroberts94@bandcamp.com",
    "phone": "33-(682)574-2633",
    "createdon": "10/9/2015"
}, {
    "id": 330,
    "name": "John Foster",
    "company": "Dablist",
    "email": "jfoster95@marriott.com",
    "phone": "62-(433)382-5771",
    "createdon": "12/10/2014"
}, {
    "id": 331,
    "name": "Adam Richardson",
    "company": "Muxo",
    "email": "arichardson96@taobao.com",
    "phone": "420-(286)410-3600",
    "createdon": "12/7/2014"
}, {
    "id": 332,
    "name": "Julia Garza",
    "company": "Eire",
    "email": "jgarza97@naver.com",
    "phone": "234-(263)548-9999",
    "createdon": "7/1/2015"
}, {
    "id": 333,
    "name": "Charles Wright",
    "company": "Yacero",
    "email": "cwright98@sbwire.com",
    "phone": "46-(470)659-0584",
    "createdon": "1/16/2015"
}, {
    "id": 334,
    "name": "Julia Hayes",
    "company": "Buzzdog",
    "email": "jhayes99@tmall.com",
    "phone": "225-(880)774-5250",
    "createdon": "1/21/2015"
}, {
    "id": 335,
    "name": "Ralph Alvarez",
    "company": "Rhybox",
    "email": "ralvarez9a@mail.ru",
    "phone": "51-(948)973-8195",
    "createdon": "8/27/2015"
}, {
    "id": 336,
    "name": "Alan Rice",
    "company": "Brainlounge",
    "email": "arice9b@mapy.cz",
    "phone": "351-(733)625-6796",
    "createdon": "12/3/2014"
}, {
    "id": 337,
    "name": "Larry Carroll",
    "company": "Blogtags",
    "email": "lcarroll9c@mlb.com",
    "phone": "98-(532)213-6475",
    "createdon": "5/25/2015"
}, {
    "id": 338,
    "name": "Jerry Hall",
    "company": "Leexo",
    "email": "jhall9d@archive.org",
    "phone": "58-(574)190-8597",
    "createdon": "11/26/2015"
}, {
    "id": 339,
    "name": "Daniel Scott",
    "company": "Thoughtbridge",
    "email": "dscott9e@java.com",
    "phone": "95-(654)816-5282",
    "createdon": "2/12/2015"
}, {
    "id": 340,
    "name": "Carol Berry",
    "company": "Realpoint",
    "email": "cberry9f@about.me",
    "phone": "52-(556)396-7814",
    "createdon": "7/4/2015"
}, {
    "id": 341,
    "name": "Shirley Castillo",
    "company": "Tazzy",
    "email": "scastillo9g@ucoz.ru",
    "phone": "86-(405)993-7074",
    "createdon": "8/23/2015"
}, {
    "id": 342,
    "name": "Lori Murphy",
    "company": "Janyx",
    "email": "lmurphy9h@sitemeter.com",
    "phone": "7-(135)549-5679",
    "createdon": "10/23/2015"
}, {
    "id": 343,
    "name": "Annie Allen",
    "company": "Skivee",
    "email": "aallen9i@utexas.edu",
    "phone": "7-(422)684-0989",
    "createdon": "3/20/2015"
}, {
    "id": 344,
    "name": "Evelyn Hawkins",
    "company": "Kayveo",
    "email": "ehawkins9j@angelfire.com",
    "phone": "1-(991)788-4053",
    "createdon": "6/11/2015"
}, {
    "id": 345,
    "name": "Thomas Olson",
    "company": "Cogilith",
    "email": "tolson9k@time.com",
    "phone": "62-(904)146-6718",
    "createdon": "12/1/2014"
}, {
    "id": 346,
    "name": "Janet Washington",
    "company": "Tambee",
    "email": "jwashington9l@comcast.net",
    "phone": "48-(452)536-0259",
    "createdon": "8/14/2015"
}, {
    "id": 347,
    "name": "Howard Coleman",
    "company": "Minyx",
    "email": "hcoleman9m@state.gov",
    "phone": "86-(561)943-9327",
    "createdon": "3/5/2015"
}, {
    "id": 348,
    "name": "Earl Graham",
    "company": "Zoomcast",
    "email": "egraham9n@epa.gov",
    "phone": "46-(377)917-2060",
    "createdon": "6/17/2015"
}, {
    "id": 349,
    "name": "Barbara Ford",
    "company": "Twitterbridge",
    "email": "bford9o@woothemes.com",
    "phone": "86-(651)959-8460",
    "createdon": "5/9/2015"
}, {
    "id": 350,
    "name": "Louis Edwards",
    "company": "Voonder",
    "email": "ledwards9p@washington.edu",
    "phone": "86-(265)850-8446",
    "createdon": "12/15/2014"
}, {
    "id": 351,
    "name": "Howard Watkins",
    "company": "Twinder",
    "email": "hwatkins9q@noaa.gov",
    "phone": "62-(880)434-4740",
    "createdon": "12/2/2014"
}, {
    "id": 352,
    "name": "Virginia Andrews",
    "company": "Oyondu",
    "email": "vandrews9r@smh.com.au",
    "phone": "55-(101)871-6429",
    "createdon": "6/11/2015"
}, {
    "id": 353,
    "name": "Susan Matthews",
    "company": "Youtags",
    "email": "smatthews9s@ask.com",
    "phone": "242-(437)897-4342",
    "createdon": "4/18/2015"
}, {
    "id": 354,
    "name": "Nicholas Hanson",
    "company": "Mydeo",
    "email": "nhanson9t@printfriendly.com",
    "phone": "31-(483)195-6981",
    "createdon": "3/14/2015"
}, {
    "id": 355,
    "name": "Teresa Gonzalez",
    "company": "Vinder",
    "email": "tgonzalez9u@artisteer.com",
    "phone": "351-(612)575-4357",
    "createdon": "8/25/2015"
}, {
    "id": 356,
    "name": "Andrea Lopez",
    "company": "Voonder",
    "email": "alopez9v@histats.com",
    "phone": "994-(874)303-7371",
    "createdon": "5/9/2015"
}, {
    "id": 357,
    "name": "Cheryl Washington",
    "company": "Jayo",
    "email": "cwashington9w@parallels.com",
    "phone": "62-(877)629-6864",
    "createdon": "9/15/2015"
}, {
    "id": 358,
    "name": "Shawn Garza",
    "company": "Zoombox",
    "email": "sgarza9x@woothemes.com",
    "phone": "7-(399)456-7627",
    "createdon": "1/23/2015"
}, {
    "id": 359,
    "name": "Evelyn Long",
    "company": "Meedoo",
    "email": "elong9y@sourceforge.net",
    "phone": "66-(902)865-1319",
    "createdon": "3/9/2015"
}, {
    "id": 360,
    "name": "Victor Jones",
    "company": "Ainyx",
    "email": "vjones9z@technorati.com",
    "phone": "372-(257)370-5995",
    "createdon": "6/2/2015"
}, {
    "id": 361,
    "name": "Carolyn Rogers",
    "company": "Youopia",
    "email": "crogersa0@marketwatch.com",
    "phone": "1-(214)646-5113",
    "createdon": "5/18/2015"
}, {
    "id": 362,
    "name": "Thomas Long",
    "company": "Topicware",
    "email": "tlonga1@howstuffworks.com",
    "phone": "63-(419)198-4305",
    "createdon": "11/6/2015"
}, {
    "id": 363,
    "name": "Ann Morgan",
    "company": "Topicshots",
    "email": "amorgana2@ebay.co.uk",
    "phone": "86-(841)282-2336",
    "createdon": "12/16/2014"
}, {
    "id": 364,
    "name": "Patricia Riley",
    "company": "Tagtune",
    "email": "prileya3@webnode.com",
    "phone": "353-(670)216-7373",
    "createdon": "9/20/2015"
}, {
    "id": 365,
    "name": "Paul Wallace",
    "company": "Yakidoo",
    "email": "pwallacea4@phoca.cz",
    "phone": "46-(767)177-9219",
    "createdon": "6/6/2015"
}, {
    "id": 366,
    "name": "Walter Greene",
    "company": "Brightdog",
    "email": "wgreenea5@theatlantic.com",
    "phone": "51-(644)301-3914",
    "createdon": "6/12/2015"
}, {
    "id": 367,
    "name": "Gregory Willis",
    "company": "DabZ",
    "email": "gwillisa6@answers.com",
    "phone": "237-(242)191-7433",
    "createdon": "6/6/2015"
}, {
    "id": 368,
    "name": "William Wallace",
    "company": "Photolist",
    "email": "wwallacea7@hibu.com",
    "phone": "86-(829)238-0145",
    "createdon": "11/7/2015"
}, {
    "id": 369,
    "name": "Bobby Stephens",
    "company": "Demimbu",
    "email": "bstephensa8@smh.com.au",
    "phone": "84-(330)407-8893",
    "createdon": "8/13/2015"
}, {
    "id": 370,
    "name": "Russell Chavez",
    "company": "Fiveclub",
    "email": "rchaveza9@ucsd.edu",
    "phone": "20-(851)896-3545",
    "createdon": "9/1/2015"
}, {
    "id": 371,
    "name": "Teresa Torres",
    "company": "Gevee",
    "email": "ttorresaa@spotify.com",
    "phone": "86-(547)221-1246",
    "createdon": "8/25/2015"
}, {
    "id": 372,
    "name": "Beverly Owens",
    "company": "Plambee",
    "email": "bowensab@comcast.net",
    "phone": "53-(716)648-3894",
    "createdon": "10/5/2015"
}, {
    "id": 373,
    "name": "Russell Sullivan",
    "company": "DabZ",
    "email": "rsullivanac@flavors.me",
    "phone": "236-(393)627-9617",
    "createdon": "10/11/2015"
}, {
    "id": 374,
    "name": "Dennis Welch",
    "company": "Yambee",
    "email": "dwelchad@whitehouse.gov",
    "phone": "7-(777)958-9920",
    "createdon": "2/21/2015"
}, {
    "id": 375,
    "name": "Karen Spencer",
    "company": "Devbug",
    "email": "kspencerae@boston.com",
    "phone": "86-(318)637-1786",
    "createdon": "2/6/2015"
}, {
    "id": 376,
    "name": "Emily Ross",
    "company": "Skaboo",
    "email": "erossaf@usnews.com",
    "phone": "86-(926)541-0500",
    "createdon": "4/28/2015"
}, {
    "id": 377,
    "name": "Roy Turner",
    "company": "Browsedrive",
    "email": "rturnerag@examiner.com",
    "phone": "82-(588)900-0041",
    "createdon": "8/28/2015"
}, {
    "id": 378,
    "name": "Daniel Griffin",
    "company": "Tavu",
    "email": "dgriffinah@nature.com",
    "phone": "31-(579)460-7207",
    "createdon": "10/19/2015"
}, {
    "id": 379,
    "name": "Terry Graham",
    "company": "Snaptags",
    "email": "tgrahamai@boston.com",
    "phone": "62-(510)408-3396",
    "createdon": "3/1/2015"
}, {
    "id": 380,
    "name": "Shirley Murphy",
    "company": "Skaboo",
    "email": "smurphyaj@odnoklassniki.ru",
    "phone": "7-(904)792-9614",
    "createdon": "2/3/2015"
}, {
    "id": 381,
    "name": "Michelle Snyder",
    "company": "Twitterworks",
    "email": "msnyderak@addtoany.com",
    "phone": "996-(635)524-8325",
    "createdon": "12/16/2014"
}, {
    "id": 382,
    "name": "Louise Wilson",
    "company": "Skajo",
    "email": "lwilsonal@plala.or.jp",
    "phone": "380-(413)198-9377",
    "createdon": "7/19/2015"
}, {
    "id": 383,
    "name": "Bruce Morgan",
    "company": "Muxo",
    "email": "bmorganam@nyu.edu",
    "phone": "53-(986)926-1606",
    "createdon": "1/27/2015"
}, {
    "id": 384,
    "name": "Philip Armstrong",
    "company": "Jabbertype",
    "email": "parmstrongan@sina.com.cn",
    "phone": "55-(251)622-4475",
    "createdon": "12/15/2014"
}, {
    "id": 385,
    "name": "Michelle Perry",
    "company": "Zoozzy",
    "email": "mperryao@blog.com",
    "phone": "52-(348)935-1800",
    "createdon": "7/6/2015"
}, {
    "id": 386,
    "name": "Carl Cooper",
    "company": "Babbleblab",
    "email": "ccooperap@paypal.com",
    "phone": "86-(680)847-9266",
    "createdon": "5/23/2015"
}, {
    "id": 387,
    "name": "Barbara Rose",
    "company": "Rooxo",
    "email": "broseaq@zimbio.com",
    "phone": "383-(169)804-4870",
    "createdon": "9/25/2015"
}, {
    "id": 388,
    "name": "Jason Lopez",
    "company": "Quatz",
    "email": "jlopezar@merriam-webster.com",
    "phone": "86-(442)483-9106",
    "createdon": "8/4/2015"
}, {
    "id": 389,
    "name": "Ann Simmons",
    "company": "BlogXS",
    "email": "asimmonsas@china.com.cn",
    "phone": "86-(298)212-2391",
    "createdon": "8/22/2015"
}, {
    "id": 390,
    "name": "Pamela Adams",
    "company": "Yombu",
    "email": "padamsat@i2i.jp",
    "phone": "507-(347)797-2685",
    "createdon": "8/23/2015"
}, {
    "id": 391,
    "name": "Jesse Kim",
    "company": "Realbridge",
    "email": "jkimau@wiley.com",
    "phone": "380-(991)816-1077",
    "createdon": "1/15/2015"
}, {
    "id": 392,
    "name": "Eric Stone",
    "company": "Skibox",
    "email": "estoneav@artisteer.com",
    "phone": "86-(137)722-0777",
    "createdon": "3/13/2015"
}, {
    "id": 393,
    "name": "Henry Reynolds",
    "company": "Yadel",
    "email": "hreynoldsaw@google.ca",
    "phone": "63-(109)982-3655",
    "createdon": "2/20/2015"
}, {
    "id": 394,
    "name": "Nicole Jordan",
    "company": "Yata",
    "email": "njordanax@ustream.tv",
    "phone": "46-(575)446-1417",
    "createdon": "1/7/2015"
}, {
    "id": 395,
    "name": "Clarence Morgan",
    "company": "Kaymbo",
    "email": "cmorganay@samsung.com",
    "phone": "86-(485)473-9272",
    "createdon": "8/23/2015"
}, {
    "id": 396,
    "name": "Deborah Jones",
    "company": "Babbleblab",
    "email": "djonesaz@flavors.me",
    "phone": "62-(995)951-3047",
    "createdon": "7/1/2015"
}, {
    "id": 397,
    "name": "Ryan Medina",
    "company": "Babbleset",
    "email": "rmedinab0@qq.com",
    "phone": "228-(342)277-2444",
    "createdon": "7/27/2015"
}, {
    "id": 398,
    "name": "John Howell",
    "company": "Divanoodle",
    "email": "jhowellb1@mit.edu",
    "phone": "62-(139)317-6263",
    "createdon": "3/25/2015"
}, {
    "id": 399,
    "name": "Cheryl Kennedy",
    "company": "Divape",
    "email": "ckennedyb2@aboutads.info",
    "phone": "33-(104)883-2996",
    "createdon": "2/12/2015"
}, {
    "id": 400,
    "name": "Julie Johnson",
    "company": "Topicstorm",
    "email": "jjohnsonb3@marketwatch.com",
    "phone": "223-(467)330-1889",
    "createdon": "3/16/2015"
}, {
    "id": 401,
    "name": "Karen Burns",
    "company": "Centizu",
    "email": "kburnsb4@wunderground.com",
    "phone": "86-(371)297-3953",
    "createdon": "3/5/2015"
}, {
    "id": 402,
    "name": "Jeremy Thompson",
    "company": "Quimm",
    "email": "jthompsonb5@odnoklassniki.ru",
    "phone": "46-(588)682-9248",
    "createdon": "4/1/2015"
}, {
    "id": 403,
    "name": "Christina Hughes",
    "company": "Quinu",
    "email": "chughesb6@cnet.com",
    "phone": "63-(505)654-2871",
    "createdon": "4/3/2015"
}, {
    "id": 404,
    "name": "Matthew Reid",
    "company": "Skilith",
    "email": "mreidb7@artisteer.com",
    "phone": "86-(303)512-6722",
    "createdon": "8/26/2015"
}, {
    "id": 405,
    "name": "Catherine Morgan",
    "company": "Vinte",
    "email": "cmorganb8@gnu.org",
    "phone": "46-(245)959-2790",
    "createdon": "3/12/2015"
}, {
    "id": 406,
    "name": "Diane Duncan",
    "company": "Brightdog",
    "email": "dduncanb9@bravesites.com",
    "phone": "245-(553)567-8461",
    "createdon": "7/4/2015"
}, {
    "id": 407,
    "name": "Bonnie Berry",
    "company": "Jabberbean",
    "email": "bberryba@merriam-webster.com",
    "phone": "52-(785)734-3290",
    "createdon": "5/30/2015"
}, {
    "id": 408,
    "name": "Beverly Washington",
    "company": "Realblab",
    "email": "bwashingtonbb@wikia.com",
    "phone": "30-(806)689-3202",
    "createdon": "11/21/2015"
}, {
    "id": 409,
    "name": "Ralph Oliver",
    "company": "Realpoint",
    "email": "roliverbc@booking.com",
    "phone": "62-(352)144-8617",
    "createdon": "2/18/2015"
}, {
    "id": 410,
    "name": "Roger Oliver",
    "company": "Layo",
    "email": "roliverbd@rambler.ru",
    "phone": "351-(356)237-7913",
    "createdon": "4/7/2015"
}, {
    "id": 411,
    "name": "Patricia Holmes",
    "company": "Quamba",
    "email": "pholmesbe@1und1.de",
    "phone": "33-(602)763-1822",
    "createdon": "11/17/2015"
}, {
    "id": 412,
    "name": "Marilyn Webb",
    "company": "Zoovu",
    "email": "mwebbbf@opera.com",
    "phone": "86-(372)290-3937",
    "createdon": "11/4/2015"
}, {
    "id": 413,
    "name": "Russell Henderson",
    "company": "Rhycero",
    "email": "rhendersonbg@prweb.com",
    "phone": "55-(409)917-2523",
    "createdon": "11/15/2015"
}, {
    "id": 414,
    "name": "Richard Fuller",
    "company": "Innojam",
    "email": "rfullerbh@networksolutions.com",
    "phone": "58-(287)130-7244",
    "createdon": "4/10/2015"
}, {
    "id": 415,
    "name": "Willie Fisher",
    "company": "Innojam",
    "email": "wfisherbi@usnews.com",
    "phone": "260-(867)917-1315",
    "createdon": "2/5/2015"
}, {
    "id": 416,
    "name": "Sean Nguyen",
    "company": "Zoomcast",
    "email": "snguyenbj@ask.com",
    "phone": "1-(831)670-9330",
    "createdon": "9/24/2015"
}, {
    "id": 417,
    "name": "Jean Gordon",
    "company": "Trudoo",
    "email": "jgordonbk@examiner.com",
    "phone": "420-(569)382-3378",
    "createdon": "12/26/2014"
}, {
    "id": 418,
    "name": "Mildred Castillo",
    "company": "Mynte",
    "email": "mcastillobl@marketwatch.com",
    "phone": "63-(362)282-8905",
    "createdon": "4/19/2015"
}, {
    "id": 419,
    "name": "Michael Perez",
    "company": "Roodel",
    "email": "mperezbm@technorati.com",
    "phone": "86-(113)239-2159",
    "createdon": "4/23/2015"
}, {
    "id": 420,
    "name": "Clarence Flores",
    "company": "Yambee",
    "email": "cfloresbn@liveinternet.ru",
    "phone": "7-(871)575-1060",
    "createdon": "4/13/2015"
}, {
    "id": 421,
    "name": "Jessica Holmes",
    "company": "Realbuzz",
    "email": "jholmesbo@oracle.com",
    "phone": "44-(156)502-2188",
    "createdon": "6/1/2015"
}, {
    "id": 422,
    "name": "Diane Little",
    "company": "Demizz",
    "email": "dlittlebp@tripadvisor.com",
    "phone": "351-(996)473-2130",
    "createdon": "11/2/2015"
}, {
    "id": 423,
    "name": "Gerald Warren",
    "company": "Snaptags",
    "email": "gwarrenbq@reuters.com",
    "phone": "593-(542)590-3574",
    "createdon": "5/14/2015"
}, {
    "id": 424,
    "name": "Sean Franklin",
    "company": "Eire",
    "email": "sfranklinbr@princeton.edu",
    "phone": "55-(769)152-1703",
    "createdon": "6/27/2015"
}, {
    "id": 425,
    "name": "Anna Olson",
    "company": "Eimbee",
    "email": "aolsonbs@accuweather.com",
    "phone": "1-(209)944-2015",
    "createdon": "11/27/2015"
}, {
    "id": 426,
    "name": "Debra Payne",
    "company": "Ozu",
    "email": "dpaynebt@pbs.org",
    "phone": "27-(887)697-3997",
    "createdon": "2/9/2015"
}, {
    "id": 427,
    "name": "Julia Carter",
    "company": "Fatz",
    "email": "jcarterbu@mlb.com",
    "phone": "86-(532)978-4870",
    "createdon": "8/2/2015"
}, {
    "id": 428,
    "name": "Heather Ferguson",
    "company": "Talane",
    "email": "hfergusonbv@51.la",
    "phone": "62-(316)821-5309",
    "createdon": "4/15/2015"
}, {
    "id": 429,
    "name": "Anthony Miller",
    "company": "Yozio",
    "email": "amillerbw@rakuten.co.jp",
    "phone": "86-(333)666-1281",
    "createdon": "9/27/2015"
}, {
    "id": 430,
    "name": "Martha Davis",
    "company": "Cogilith",
    "email": "mdavisbx@simplemachines.org",
    "phone": "56-(952)982-0024",
    "createdon": "4/20/2015"
}, {
    "id": 431,
    "name": "Peter Collins",
    "company": "Babblestorm",
    "email": "pcollinsby@nydailynews.com",
    "phone": "62-(678)505-5635",
    "createdon": "12/3/2014"
}, {
    "id": 432,
    "name": "Gary Black",
    "company": "Gabspot",
    "email": "gblackbz@ebay.co.uk",
    "phone": "55-(336)589-7736",
    "createdon": "2/21/2015"
}, {
    "id": 433,
    "name": "Todd Oliver",
    "company": "Blogtags",
    "email": "toliverc0@comcast.net",
    "phone": "86-(525)855-6443",
    "createdon": "6/11/2015"
}, {
    "id": 434,
    "name": "Kathy Ellis",
    "company": "Trupe",
    "email": "kellisc1@free.fr",
    "phone": "49-(756)202-0628",
    "createdon": "10/14/2015"
}, {
    "id": 435,
    "name": "Patrick Mcdonald",
    "company": "Demizz",
    "email": "pmcdonaldc2@dion.ne.jp",
    "phone": "62-(690)788-7773",
    "createdon": "1/25/2015"
}, {
    "id": 436,
    "name": "Mary Carpenter",
    "company": "Bluezoom",
    "email": "mcarpenterc3@dyndns.org",
    "phone": "48-(530)434-1616",
    "createdon": "11/24/2015"
}, {
    "id": 437,
    "name": "Kenneth Berry",
    "company": "Wordpedia",
    "email": "kberryc4@nymag.com",
    "phone": "86-(575)706-1066",
    "createdon": "5/20/2015"
}, {
    "id": 438,
    "name": "Emily Hudson",
    "company": "Twitterlist",
    "email": "ehudsonc5@state.tx.us",
    "phone": "1-(719)293-3781",
    "createdon": "10/23/2015"
}, {
    "id": 439,
    "name": "Tammy Ryan",
    "company": "Dynazzy",
    "email": "tryanc6@cnn.com",
    "phone": "48-(951)712-5375",
    "createdon": "12/3/2014"
}, {
    "id": 440,
    "name": "Keith Olson",
    "company": "Wordify",
    "email": "kolsonc7@cbslocal.com",
    "phone": "84-(802)981-8716",
    "createdon": "11/20/2015"
}, {
    "id": 441,
    "name": "Fred Marshall",
    "company": "Rhyloo",
    "email": "fmarshallc8@ed.gov",
    "phone": "81-(825)596-1351",
    "createdon": "5/6/2015"
}, {
    "id": 442,
    "name": "Karen Garrett",
    "company": "Skippad",
    "email": "kgarrettc9@icq.com",
    "phone": "63-(906)593-8516",
    "createdon": "10/29/2015"
}, {
    "id": 443,
    "name": "Henry Hall",
    "company": "Quimba",
    "email": "hhallca@amazon.com",
    "phone": "7-(123)357-3058",
    "createdon": "6/24/2015"
}, {
    "id": 444,
    "name": "Edward Kelly",
    "company": "Meevee",
    "email": "ekellycb@pbs.org",
    "phone": "355-(256)753-3278",
    "createdon": "9/8/2015"
}, {
    "id": 445,
    "name": "Donald Pierce",
    "company": "Yabox",
    "email": "dpiercecc@geocities.com",
    "phone": "976-(263)667-0580",
    "createdon": "12/29/2014"
}, {
    "id": 446,
    "name": "Jason Webb",
    "company": "Thoughtworks",
    "email": "jwebbcd@china.com.cn",
    "phone": "62-(180)624-8174",
    "createdon": "11/26/2015"
}, {
    "id": 447,
    "name": "Alan Rodriguez",
    "company": "Wikido",
    "email": "arodriguezce@vkontakte.ru",
    "phone": "691-(961)602-7894",
    "createdon": "12/28/2014"
}, {
    "id": 448,
    "name": "Debra Kelly",
    "company": "JumpXS",
    "email": "dkellycf@baidu.com",
    "phone": "34-(742)322-2555",
    "createdon": "12/17/2014"
}, {
    "id": 449,
    "name": "Andrew Reid",
    "company": "Demimbu",
    "email": "areidcg@naver.com",
    "phone": "380-(385)277-5025",
    "createdon": "5/7/2015"
}, {
    "id": 450,
    "name": "William Jordan",
    "company": "Blogtag",
    "email": "wjordanch@nba.com",
    "phone": "86-(975)669-6217",
    "createdon": "10/25/2015"
}, {
    "id": 451,
    "name": "Donna Turner",
    "company": "Bluejam",
    "email": "dturnerci@buzzfeed.com",
    "phone": "86-(347)865-1527",
    "createdon": "9/7/2015"
}, {
    "id": 452,
    "name": "Carol Roberts",
    "company": "Tagopia",
    "email": "crobertscj@blinklist.com",
    "phone": "7-(890)485-1044",
    "createdon": "6/27/2015"
}, {
    "id": 453,
    "name": "Marie Walker",
    "company": "Mycat",
    "email": "mwalkerck@devhub.com",
    "phone": "51-(986)201-5493",
    "createdon": "4/30/2015"
}, {
    "id": 454,
    "name": "Angela Berry",
    "company": "Skyble",
    "email": "aberrycl@symantec.com",
    "phone": "48-(466)408-4060",
    "createdon": "10/18/2015"
}, {
    "id": 455,
    "name": "Lawrence Mendoza",
    "company": "Topicware",
    "email": "lmendozacm@squidoo.com",
    "phone": "57-(313)959-9252",
    "createdon": "6/23/2015"
}, {
    "id": 456,
    "name": "Lillian Campbell",
    "company": "Oyoba",
    "email": "lcampbellcn@wired.com",
    "phone": "420-(563)687-4510",
    "createdon": "10/19/2015"
}, {
    "id": 457,
    "name": "Edward Adams",
    "company": "Yombu",
    "email": "eadamsco@booking.com",
    "phone": "62-(121)923-7284",
    "createdon": "11/1/2015"
}, {
    "id": 458,
    "name": "Sandra Wood",
    "company": "Flashspan",
    "email": "swoodcp@mediafire.com",
    "phone": "7-(968)431-6157",
    "createdon": "12/21/2014"
}, {
    "id": 459,
    "name": "Donald Wood",
    "company": "Topicblab",
    "email": "dwoodcq@kickstarter.com",
    "phone": "86-(227)334-6736",
    "createdon": "5/30/2015"
}, {
    "id": 460,
    "name": "Steve Price",
    "company": "Zoonder",
    "email": "spricecr@bbc.co.uk",
    "phone": "33-(399)467-8588",
    "createdon": "9/11/2015"
}, {
    "id": 461,
    "name": "Sharon Wood",
    "company": "Plambee",
    "email": "swoodcs@blogger.com",
    "phone": "351-(381)614-9669",
    "createdon": "9/22/2015"
}, {
    "id": 462,
    "name": "Joe Stone",
    "company": "Wikizz",
    "email": "jstonect@foxnews.com",
    "phone": "62-(841)661-9344",
    "createdon": "5/22/2015"
}, {
    "id": 463,
    "name": "Bruce Jordan",
    "company": "Bubblebox",
    "email": "bjordancu@si.edu",
    "phone": "86-(184)990-9183",
    "createdon": "5/15/2015"
}, {
    "id": 464,
    "name": "Larry Flores",
    "company": "Tekfly",
    "email": "lflorescv@msn.com",
    "phone": "62-(405)816-7696",
    "createdon": "11/9/2015"
}, {
    "id": 465,
    "name": "Andrea Crawford",
    "company": "Teklist",
    "email": "acrawfordcw@zimbio.com",
    "phone": "234-(416)916-2877",
    "createdon": "5/6/2015"
}, {
    "id": 466,
    "name": "Amy Fernandez",
    "company": "Cogilith",
    "email": "afernandezcx@opera.com",
    "phone": "86-(215)289-7435",
    "createdon": "4/6/2015"
}, {
    "id": 467,
    "name": "Janice Chavez",
    "company": "Avaveo",
    "email": "jchavezcy@dailymotion.com",
    "phone": "81-(780)977-4703",
    "createdon": "4/16/2015"
}, {
    "id": 468,
    "name": "Sarah Carter",
    "company": "Blogtags",
    "email": "scartercz@vinaora.com",
    "phone": "62-(209)973-9913",
    "createdon": "1/1/2015"
}, {
    "id": 469,
    "name": "Craig Long",
    "company": "Photobean",
    "email": "clongd0@seattletimes.com",
    "phone": "86-(554)970-9778",
    "createdon": "1/6/2015"
}, {
    "id": 470,
    "name": "Joseph Jordan",
    "company": "Oozz",
    "email": "jjordand1@whitehouse.gov",
    "phone": "7-(885)748-2332",
    "createdon": "10/2/2015"
}, {
    "id": 471,
    "name": "Christina Baker",
    "company": "Bubblemix",
    "email": "cbakerd2@cam.ac.uk",
    "phone": "62-(904)835-0621",
    "createdon": "6/5/2015"
}, {
    "id": 472,
    "name": "Douglas Jacobs",
    "company": "Devpulse",
    "email": "djacobsd3@illinois.edu",
    "phone": "33-(747)673-1532",
    "createdon": "9/22/2015"
}, {
    "id": 473,
    "name": "Donald Gonzalez",
    "company": "Ainyx",
    "email": "dgonzalezd4@senate.gov",
    "phone": "86-(200)343-9590",
    "createdon": "4/30/2015"
}, {
    "id": 474,
    "name": "Craig Long",
    "company": "Myworks",
    "email": "clongd5@usnews.com",
    "phone": "850-(900)532-8521",
    "createdon": "7/22/2015"
}, {
    "id": 475,
    "name": "Linda Ward",
    "company": "Yacero",
    "email": "lwardd6@sogou.com",
    "phone": "63-(264)622-7075",
    "createdon": "3/2/2015"
}, {
    "id": 476,
    "name": "Charles Johnson",
    "company": "Skipstorm",
    "email": "cjohnsond7@mapy.cz",
    "phone": "30-(181)530-1887",
    "createdon": "11/23/2015"
}, {
    "id": 477,
    "name": "Alan Gonzalez",
    "company": "Realpoint",
    "email": "agonzalezd8@comsenz.com",
    "phone": "86-(104)733-5159",
    "createdon": "7/17/2015"
}, {
    "id": 478,
    "name": "Phyllis Patterson",
    "company": "Buzzbean",
    "email": "ppattersond9@google.com.br",
    "phone": "269-(942)471-2198",
    "createdon": "8/31/2015"
}, {
    "id": 479,
    "name": "Mildred Mason",
    "company": "Reallinks",
    "email": "mmasonda@jigsy.com",
    "phone": "57-(493)471-3546",
    "createdon": "3/28/2015"
}, {
    "id": 480,
    "name": "Jesse Stanley",
    "company": "Realbuzz",
    "email": "jstanleydb@feedburner.com",
    "phone": "255-(198)484-7233",
    "createdon": "5/30/2015"
}, {
    "id": 481,
    "name": "Virginia Patterson",
    "company": "Yotz",
    "email": "vpattersondc@fotki.com",
    "phone": "7-(290)250-7126",
    "createdon": "2/16/2015"
}, {
    "id": 482,
    "name": "Timothy Burton",
    "company": "Cogilith",
    "email": "tburtondd@skype.com",
    "phone": "7-(790)120-5536",
    "createdon": "2/18/2015"
}, {
    "id": 483,
    "name": "Ryan Matthews",
    "company": "Quatz",
    "email": "rmatthewsde@samsung.com",
    "phone": "36-(782)546-2306",
    "createdon": "12/13/2014"
}, {
    "id": 484,
    "name": "Martha Jordan",
    "company": "Riffpedia",
    "email": "mjordandf@boston.com",
    "phone": "1-(608)489-0711",
    "createdon": "5/13/2015"
}, {
    "id": 485,
    "name": "Timothy Riley",
    "company": "Youbridge",
    "email": "trileydg@cnbc.com",
    "phone": "63-(132)444-2355",
    "createdon": "5/5/2015"
}, {
    "id": 486,
    "name": "Samuel Grant",
    "company": "Yozio",
    "email": "sgrantdh@tamu.edu",
    "phone": "63-(453)919-7582",
    "createdon": "7/4/2015"
}, {
    "id": 487,
    "name": "Julia Griffin",
    "company": "Meetz",
    "email": "jgriffindi@vinaora.com",
    "phone": "230-(500)290-6741",
    "createdon": "2/4/2015"
}, {
    "id": 488,
    "name": "Donald Young",
    "company": "JumpXS",
    "email": "dyoungdj@weibo.com",
    "phone": "965-(387)942-3294",
    "createdon": "6/21/2015"
}, {
    "id": 489,
    "name": "Kathleen Johnson",
    "company": "Innotype",
    "email": "kjohnsondk@mac.com",
    "phone": "962-(749)890-4841",
    "createdon": "6/28/2015"
}, {
    "id": 490,
    "name": "Roger Mcdonald",
    "company": "Lajo",
    "email": "rmcdonalddl@wiley.com",
    "phone": "62-(567)138-6559",
    "createdon": "8/20/2015"
}, {
    "id": 491,
    "name": "Adam Bishop",
    "company": "Kwimbee",
    "email": "abishopdm@nbcnews.com",
    "phone": "1-(213)256-5775",
    "createdon": "2/20/2015"
}, {
    "id": 492,
    "name": "Barbara Patterson",
    "company": "Cogibox",
    "email": "bpattersondn@ihg.com",
    "phone": "86-(758)709-7574",
    "createdon": "9/20/2015"
}, {
    "id": 493,
    "name": "Thomas Scott",
    "company": "Fatz",
    "email": "tscottdo@yolasite.com",
    "phone": "234-(850)552-4786",
    "createdon": "6/16/2015"
}, {
    "id": 494,
    "name": "Michelle Morris",
    "company": "Abata",
    "email": "mmorrisdp@google.ru",
    "phone": "86-(786)162-0397",
    "createdon": "12/25/2014"
}, {
    "id": 495,
    "name": "Joyce Taylor",
    "company": "Edgeclub",
    "email": "jtaylordq@gravatar.com",
    "phone": "51-(302)374-0184",
    "createdon": "11/7/2015"
}, {
    "id": 496,
    "name": "Justin Ward",
    "company": "Quatz",
    "email": "jwarddr@adobe.com",
    "phone": "81-(897)787-1284",
    "createdon": "10/3/2015"
}, {
    "id": 497,
    "name": "Gloria Patterson",
    "company": "Edgeclub",
    "email": "gpattersonds@webnode.com",
    "phone": "60-(775)102-4932",
    "createdon": "5/6/2015"
}, {
    "id": 498,
    "name": "Jose Ryan",
    "company": "Mymm",
    "email": "jryandt@dmoz.org",
    "phone": "1-(240)748-8549",
    "createdon": "1/15/2015"
}, {
    "id": 499,
    "name": "Earl Scott",
    "company": "Devpulse",
    "email": "escottdu@acquirethisname.com",
    "phone": "48-(403)401-8485",
    "createdon": "8/6/2015"
}, {
    "id": 500,
    "name": "Gloria Kelly",
    "company": "Thoughtworks",
    "email": "gkellydv@ow.ly",
    "phone": "351-(315)324-4294",
    "createdon": "4/3/2015"
}

    ]
}