{ "aaData": [{"id":1,"customer":"Anthony Washington","title":"branding","email":"awashington0@cafepress.com","status":"Completed","date":"11/9/2015","price":"$387.15"},
{"id":2,"customer":"Antonio Wheeler","title":"logo design","email":"awheeler1@ehow.com","status":"Completed","date":"5/21/2015","price":"$278.47"},
{"id":3,"customer":"Victor Butler","title":"graphic design","email":"vbutler2@edublogs.org","status":"New","date":"10/28/2015","price":"$450.28"},
{"id":4,"customer":"Anne Cruz","title":"branding","email":"acruz3@yolasite.com","status":"Completed","date":"12/12/2014","price":"$434.28"},
{"id":5,"customer":"Jane Cook","title":"photoshop","email":"jcook4@examiner.com","status":"New","date":"2/13/2015","price":"$171.54"},
{"id":6,"customer":"Robert Hicks","title":"SEO and SEM","email":"rhicks5@state.gov","status":"Completed","date":"3/22/2015","price":"$423.79"},
{"id":7,"customer":"Marilyn Richards","title":"web design","email":"mrichards6@goodreads.com","status":"New","date":"9/14/2015","price":"$191.68"},
{"id":8,"customer":"Billy Cunningham","title":"php website","email":"bcunningham7@creativecommons.org","status":"New","date":"1/29/2015","price":"$316.71"},
{"id":9,"customer":"Helen Peterson","title":"logo design","email":"hpeterson8@angelfire.com","status":"Completed","date":"10/20/2015","price":"$107.12"},
{"id":10,"customer":"Jimmy Washington","title":"crm service","email":"jwashington9@youku.com","status":"New","date":"5/2/2015","price":"$102.67"},
{"id":11,"customer":"Peter Holmes","title":"wordpress website","email":"pholmesa@t-online.de","status":"New","date":"1/14/2015","price":"$204.43"},
{"id":12,"customer":"Ann Hawkins","title":"SEO and SEM","email":"ahawkinsb@newyorker.com","status":"New","date":"2/22/2015","price":"$318.12"},
{"id":13,"customer":"Edward Brooks","title":"programming","email":"ebrooksc@netvibes.com","status":"Completed","date":"1/2/2015","price":"$106.20"},
{"id":14,"customer":"Kathleen Thompson","title":"branding","email":"kthompsond@123-reg.co.uk","status":"Completed","date":"12/15/2014","price":"$120.99"},
{"id":15,"customer":"Willie Torres","title":"graphic design","email":"wtorrese@hexun.com","status":"New","date":"1/29/2015","price":"$448.76"},
{"id":16,"customer":"Nicole Vasquez","title":"web design","email":"nvasquezf@redcross.org","status":"Completed","date":"12/2/2014","price":"$145.33"},
{"id":17,"customer":"Katherine Peterson","title":"graphic design","email":"kpetersong@t.co","status":"New","date":"9/13/2015","price":"$103.88"},
{"id":18,"customer":"Roy Porter","title":"photoshop","email":"rporterh@t-online.de","status":"Completed","date":"1/9/2015","price":"$444.87"},
{"id":19,"customer":"Phyllis Ward","title":"crm service","email":"pwardi@chronoengine.com","status":"Completed","date":"5/18/2015","price":"$171.97"},
{"id":20,"customer":"Kathryn Watkins","title":"crm service","email":"kwatkinsj@ow.ly","status":"Completed","date":"5/7/2015","price":"$497.40"},
{"id":21,"customer":"Phillip Wells","title":"php website","email":"pwellsk@biblegateway.com","status":"Completed","date":"1/19/2015","price":"$380.12"},
{"id":22,"customer":"Christine Little","title":"php website","email":"clittlel@dot.gov","status":"Completed","date":"11/26/2015","price":"$154.68"},
{"id":23,"customer":"Raymond Russell","title":"graphic design","email":"rrussellm@cnbc.com","status":"Completed","date":"4/22/2015","price":"$165.76"},
{"id":24,"customer":"Margaret Davis","title":"marketing","email":"mdavisn@elegantthemes.com","status":"Completed","date":"5/16/2015","price":"$200.61"},
{"id":25,"customer":"Lisa Sullivan","title":"logo design","email":"lsullivano@ed.gov","status":"New","date":"5/21/2015","price":"$351.33"},
{"id":26,"customer":"Paul Porter","title":"marketing","email":"pporterp@state.tx.us","status":"Completed","date":"1/30/2015","price":"$400.03"},
{"id":27,"customer":"Alan Torres","title":"photoshop","email":"atorresq@pagesperso-orange.fr","status":"New","date":"8/21/2015","price":"$231.74"},
{"id":28,"customer":"Jacqueline Simpson","title":"web design","email":"jsimpsonr@oaic.gov.au","status":"New","date":"4/20/2015","price":"$177.48"},
{"id":29,"customer":"Jeffrey Fox","title":"programming","email":"jfoxs@vkontakte.ru","status":"New","date":"7/5/2015","price":"$242.88"},
{"id":30,"customer":"Walter Arnold","title":"photoshop","email":"warnoldt@umn.edu","status":"Completed","date":"1/7/2015","price":"$493.50"},
{"id":31,"customer":"Anna Nguyen","title":"SEO and SEM","email":"anguyenu@hud.gov","status":"Completed","date":"4/7/2015","price":"$151.89"},
{"id":32,"customer":"Shawn Henderson","title":"programming","email":"shendersonv@tiny.cc","status":"Completed","date":"10/19/2015","price":"$279.19"},
{"id":33,"customer":"Lawrence Duncan","title":"programming","email":"lduncanw@blinklist.com","status":"Completed","date":"8/30/2015","price":"$133.13"},
{"id":34,"customer":"Janet Cruz","title":"crm service","email":"jcruzx@yandex.ru","status":"Completed","date":"8/24/2015","price":"$152.70"},
{"id":35,"customer":"Brenda Rice","title":"marketing","email":"bricey@hugedomains.com","status":"New","date":"12/29/2014","price":"$306.83"},
{"id":36,"customer":"Lois Perkins","title":"programming","email":"lperkinsz@godaddy.com","status":"New","date":"3/19/2015","price":"$108.95"},
{"id":37,"customer":"Larry Young","title":"branding","email":"lyoung10@w3.org","status":"New","date":"4/9/2015","price":"$193.97"},
{"id":38,"customer":"Chris Mitchell","title":"marketing","email":"cmitchell11@scribd.com","status":"New","date":"4/30/2015","price":"$412.61"},
{"id":39,"customer":"Karen Mason","title":"social media marketing","email":"kmason12@clickbank.net","status":"Completed","date":"4/17/2015","price":"$297.80"},
{"id":40,"customer":"Phillip Young","title":"logo design","email":"pyoung13@spotify.com","status":"New","date":"7/3/2015","price":"$398.10"},
{"id":41,"customer":"Jennifer Long","title":"crm service","email":"jlong14@reverbnation.com","status":"Completed","date":"5/1/2015","price":"$450.65"},
{"id":42,"customer":"Robert Tucker","title":"branding","email":"rtucker15@google.co.jp","status":"Completed","date":"10/21/2015","price":"$440.68"},
{"id":43,"customer":"Terry Lynch","title":"web design","email":"tlynch16@instagram.com","status":"Completed","date":"6/2/2015","price":"$409.29"},
{"id":44,"customer":"Gloria Sanchez","title":"photoshop","email":"gsanchez17@fc2.com","status":"New","date":"8/28/2015","price":"$453.17"},
{"id":45,"customer":"Justin Sanders","title":"logo design","email":"jsanders18@51.la","status":"Completed","date":"5/27/2015","price":"$257.22"},
{"id":46,"customer":"Jessica Lewis","title":"crm service","email":"jlewis19@google.nl","status":"Completed","date":"3/15/2015","price":"$456.15"},
{"id":47,"customer":"Thomas White","title":"graphic design","email":"twhite1a@cbslocal.com","status":"Completed","date":"5/3/2015","price":"$405.93"},
{"id":48,"customer":"Keith Roberts","title":"branding","email":"kroberts1b@fc2.com","status":"Completed","date":"2/5/2015","price":"$145.14"},
{"id":49,"customer":"Jonathan Bradley","title":"web design","email":"jbradley1c@illinois.edu","status":"Completed","date":"1/19/2015","price":"$283.62"},
{"id":50,"customer":"Carlos Hansen","title":"SEO and SEM","email":"chansen1d@behance.net","status":"New","date":"11/25/2015","price":"$203.77"},
{"id":51,"customer":"Wanda Garrett","title":"graphic design","email":"wgarrett1e@macromedia.com","status":"Completed","date":"9/17/2015","price":"$224.13"},
{"id":52,"customer":"Karen Rose","title":"crm service","email":"krose1f@walmart.com","status":"New","date":"12/25/2014","price":"$371.52"},
{"id":53,"customer":"Kenneth Crawford","title":"php website","email":"kcrawford1g@squarespace.com","status":"New","date":"7/30/2015","price":"$266.79"},
{"id":54,"customer":"Cynthia Bishop","title":"SEO and SEM","email":"cbishop1h@hostgator.com","status":"New","date":"1/1/2015","price":"$198.15"},
{"id":55,"customer":"Janet Turner","title":"crm service","email":"jturner1i@posterous.com","status":"New","date":"9/27/2015","price":"$303.55"},
{"id":56,"customer":"Frank Palmer","title":"crm service","email":"fpalmer1j@house.gov","status":"New","date":"12/17/2014","price":"$392.08"},
{"id":57,"customer":"Denise Warren","title":"logo design","email":"dwarren1k@icio.us","status":"New","date":"10/12/2015","price":"$123.38"},
{"id":58,"customer":"Jennifer Wagner","title":"graphic design","email":"jwagner1l@slashdot.org","status":"Completed","date":"6/6/2015","price":"$405.66"},
{"id":59,"customer":"Ronald Crawford","title":"web design","email":"rcrawford1m@jalbum.net","status":"New","date":"8/30/2015","price":"$390.42"},
{"id":60,"customer":"Tina Wood","title":"logo design","email":"twood1n@guardian.co.uk","status":"Completed","date":"6/21/2015","price":"$412.32"},
{"id":61,"customer":"Adam Rivera","title":"logo design","email":"arivera1o@cnet.com","status":"Completed","date":"12/11/2014","price":"$119.61"},
{"id":62,"customer":"Keith White","title":"web design","email":"kwhite1p@cyberchimps.com","status":"Completed","date":"8/15/2015","price":"$193.64"},
{"id":63,"customer":"Carol Sims","title":"php website","email":"csims1q@myspace.com","status":"Completed","date":"4/28/2015","price":"$385.97"},
{"id":64,"customer":"David Greene","title":"graphic design","email":"dgreene1r@eventbrite.com","status":"New","date":"8/27/2015","price":"$157.38"},
{"id":65,"customer":"Dennis Garza","title":"graphic design","email":"dgarza1s@ucoz.com","status":"Completed","date":"7/24/2015","price":"$319.08"},
{"id":66,"customer":"Russell Gomez","title":"photoshop","email":"rgomez1t@exblog.jp","status":"Completed","date":"11/18/2015","price":"$342.70"},
{"id":67,"customer":"Kevin Hansen","title":"photoshop","email":"khansen1u@businessinsider.com","status":"Completed","date":"10/9/2015","price":"$100.80"},
{"id":68,"customer":"Jennifer Campbell","title":"SEO and SEM","email":"jcampbell1v@bandcamp.com","status":"Completed","date":"8/13/2015","price":"$161.94"},
{"id":69,"customer":"Charles Lopez","title":"photoshop","email":"clopez1w@admin.ch","status":"Completed","date":"6/28/2015","price":"$446.54"},
{"id":70,"customer":"Albert Harvey","title":"php website","email":"aharvey1x@tamu.edu","status":"New","date":"1/29/2015","price":"$440.97"},
{"id":71,"customer":"Richard Tucker","title":"programming","email":"rtucker1y@linkedin.com","status":"Completed","date":"12/5/2014","price":"$193.04"},
{"id":72,"customer":"Keith Perkins","title":"web design","email":"kperkins1z@clickbank.net","status":"New","date":"5/14/2015","price":"$463.59"},
{"id":73,"customer":"Frank Russell","title":"programming","email":"frussell20@mayoclinic.com","status":"Completed","date":"5/29/2015","price":"$496.28"},
{"id":74,"customer":"Margaret Berry","title":"logo design","email":"mberry21@amazon.com","status":"New","date":"1/27/2015","price":"$416.66"},
{"id":75,"customer":"Edward Ruiz","title":"logo design","email":"eruiz22@webmd.com","status":"New","date":"12/23/2014","price":"$271.69"},
{"id":76,"customer":"Alice Jenkins","title":"social media marketing","email":"ajenkins23@nba.com","status":"New","date":"7/26/2015","price":"$326.99"},
{"id":77,"customer":"Eric Cruz","title":"SEO and SEM","email":"ecruz24@redcross.org","status":"New","date":"5/14/2015","price":"$422.61"},
{"id":78,"customer":"Deborah Armstrong","title":"crm service","email":"darmstrong25@theglobeandmail.com","status":"New","date":"1/7/2015","price":"$429.25"},
{"id":79,"customer":"Albert Williamson","title":"crm service","email":"awilliamson26@macromedia.com","status":"Completed","date":"10/20/2015","price":"$144.81"},
{"id":80,"customer":"Roy Larson","title":"SEO and SEM","email":"rlarson27@wunderground.com","status":"New","date":"3/19/2015","price":"$445.01"},
{"id":81,"customer":"Julie Howard","title":"wordpress website","email":"jhoward28@people.com.cn","status":"Completed","date":"10/16/2015","price":"$461.39"},
{"id":82,"customer":"Scott Reyes","title":"logo design","email":"sreyes29@ox.ac.uk","status":"New","date":"12/13/2014","price":"$401.57"},
{"id":83,"customer":"Janice Gardner","title":"web design","email":"jgardner2a@phoca.cz","status":"Completed","date":"4/6/2015","price":"$261.16"},
{"id":84,"customer":"Lori Knight","title":"branding","email":"lknight2b@desdev.cn","status":"Completed","date":"12/10/2014","price":"$163.82"},
{"id":85,"customer":"Richard Bailey","title":"photoshop","email":"rbailey2c@npr.org","status":"New","date":"12/30/2014","price":"$445.53"},
{"id":86,"customer":"Denise Greene","title":"php website","email":"dgreene2d@spiegel.de","status":"Completed","date":"2/6/2015","price":"$388.58"},
{"id":87,"customer":"Cynthia Frazier","title":"branding","email":"cfrazier2e@reference.com","status":"New","date":"8/28/2015","price":"$159.53"},
{"id":88,"customer":"Steve Stevens","title":"SEO and SEM","email":"sstevens2f@springer.com","status":"New","date":"2/11/2015","price":"$264.84"},
{"id":89,"customer":"Howard Long","title":"wordpress website","email":"hlong2g@digg.com","status":"New","date":"3/1/2015","price":"$453.14"},
{"id":90,"customer":"Emily Harvey","title":"web design","email":"eharvey2h@statcounter.com","status":"New","date":"11/10/2015","price":"$231.70"},
{"id":91,"customer":"Larry Hughes","title":"SEO and SEM","email":"lhughes2i@wiley.com","status":"New","date":"3/6/2015","price":"$277.24"},
{"id":92,"customer":"Laura Woods","title":"programming","email":"lwoods2j@rakuten.co.jp","status":"New","date":"5/5/2015","price":"$454.30"},
{"id":93,"customer":"Walter Fields","title":"web design","email":"wfields2k@usatoday.com","status":"New","date":"7/13/2015","price":"$303.66"},
{"id":94,"customer":"Pamela Williams","title":"marketing","email":"pwilliams2l@google.de","status":"New","date":"7/30/2015","price":"$421.95"},
{"id":95,"customer":"Rebecca Sanders","title":"graphic design","email":"rsanders2m@marriott.com","status":"Completed","date":"10/25/2015","price":"$164.86"},
{"id":96,"customer":"Jonathan Alexander","title":"SEO and SEM","email":"jalexander2n@amazon.co.jp","status":"New","date":"12/20/2014","price":"$135.95"},
{"id":97,"customer":"Mildred Edwards","title":"SEO and SEM","email":"medwards2o@xing.com","status":"New","date":"8/6/2015","price":"$285.79"},
{"id":98,"customer":"Billy Sullivan","title":"php website","email":"bsullivan2p@foxnews.com","status":"New","date":"7/2/2015","price":"$490.55"},
{"id":99,"customer":"James Welch","title":"web design","email":"jwelch2q@biglobe.ne.jp","status":"Completed","date":"1/14/2015","price":"$135.55"},
{"id":100,"customer":"Alan Payne","title":"SEO and SEM","email":"apayne2r@yellowbook.com","status":"New","date":"7/1/2015","price":"$178.75"},
{"id":101,"customer":"Angela Hawkins","title":"photoshop","email":"ahawkins2s@psu.edu","status":"Completed","date":"3/25/2015","price":"$260.67"},
{"id":102,"customer":"Howard Hicks","title":"SEO and SEM","email":"hhicks2t@indiatimes.com","status":"New","date":"7/30/2015","price":"$499.73"},
{"id":103,"customer":"Rose Tucker","title":"web design","email":"rtucker2u@bravesites.com","status":"Completed","date":"12/26/2014","price":"$102.47"},
{"id":104,"customer":"Debra Mccoy","title":"branding","email":"dmccoy2v@naver.com","status":"Completed","date":"11/15/2015","price":"$430.23"},
{"id":105,"customer":"Henry Myers","title":"SEO and SEM","email":"hmyers2w@usda.gov","status":"Completed","date":"4/18/2015","price":"$262.56"},
{"id":106,"customer":"Kathryn Mendoza","title":"graphic design","email":"kmendoza2x@oracle.com","status":"New","date":"7/3/2015","price":"$112.17"},
{"id":107,"customer":"Ann Reynolds","title":"php website","email":"areynolds2y@php.net","status":"New","date":"9/11/2015","price":"$317.80"},
{"id":108,"customer":"Jessica Murray","title":"photoshop","email":"jmurray2z@rakuten.co.jp","status":"Completed","date":"4/18/2015","price":"$452.11"},
{"id":109,"customer":"Angela Gibson","title":"php website","email":"agibson30@netscape.com","status":"New","date":"1/24/2015","price":"$322.13"},
{"id":110,"customer":"Teresa Kelly","title":"php website","email":"tkelly31@google.nl","status":"Completed","date":"9/2/2015","price":"$311.17"},
{"id":111,"customer":"Anna Robinson","title":"SEO and SEM","email":"arobinson32@google.co.jp","status":"Completed","date":"3/12/2015","price":"$444.87"},
{"id":112,"customer":"Betty Brooks","title":"logo design","email":"bbrooks33@aboutads.info","status":"Completed","date":"10/15/2015","price":"$361.83"},
{"id":113,"customer":"Kathryn Romero","title":"social media marketing","email":"kromero34@noaa.gov","status":"Completed","date":"5/31/2015","price":"$443.21"},
{"id":114,"customer":"Daniel Reid","title":"php website","email":"dreid35@naver.com","status":"Completed","date":"4/14/2015","price":"$315.86"},
{"id":115,"customer":"Donna Ramos","title":"crm service","email":"dramos36@amazon.co.jp","status":"New","date":"9/2/2015","price":"$220.34"},
{"id":116,"customer":"Annie Thompson","title":"programming","email":"athompson37@latimes.com","status":"Completed","date":"11/4/2015","price":"$222.62"},
{"id":117,"customer":"Lois Turner","title":"wordpress website","email":"lturner38@1688.com","status":"New","date":"5/23/2015","price":"$492.48"},
{"id":118,"customer":"Paula Nichols","title":"wordpress website","email":"pnichols39@mac.com","status":"New","date":"12/3/2014","price":"$192.19"},
{"id":119,"customer":"Donna Carroll","title":"programming","email":"dcarroll3a@netlog.com","status":"New","date":"8/31/2015","price":"$477.15"},
{"id":120,"customer":"Marilyn Hart","title":"logo design","email":"mhart3b@list-manage.com","status":"Completed","date":"6/24/2015","price":"$448.89"},
{"id":121,"customer":"Karen Wright","title":"php website","email":"kwright3c@hhs.gov","status":"Completed","date":"2/26/2015","price":"$343.43"},
{"id":122,"customer":"Sara Austin","title":"logo design","email":"saustin3d@mysql.com","status":"Completed","date":"9/21/2015","price":"$274.90"},
{"id":123,"customer":"Mildred Hunt","title":"branding","email":"mhunt3e@cnn.com","status":"Completed","date":"11/29/2015","price":"$429.17"},
{"id":124,"customer":"Carol Martin","title":"graphic design","email":"cmartin3f@fda.gov","status":"New","date":"6/9/2015","price":"$321.76"},
{"id":125,"customer":"David Morgan","title":"graphic design","email":"dmorgan3g@google.ru","status":"Completed","date":"8/21/2015","price":"$456.31"},
{"id":126,"customer":"Peter Grant","title":"branding","email":"pgrant3h@jiathis.com","status":"New","date":"6/28/2015","price":"$328.03"},
{"id":127,"customer":"Douglas Perez","title":"SEO and SEM","email":"dperez3i@berkeley.edu","status":"Completed","date":"4/13/2015","price":"$231.31"},
{"id":128,"customer":"Adam Roberts","title":"graphic design","email":"aroberts3j@forbes.com","status":"Completed","date":"5/26/2015","price":"$313.44"},
{"id":129,"customer":"Jimmy Mills","title":"photoshop","email":"jmills3k@indiatimes.com","status":"New","date":"5/13/2015","price":"$235.40"},
{"id":130,"customer":"Beverly Kennedy","title":"wordpress website","email":"bkennedy3l@virginia.edu","status":"Completed","date":"2/23/2015","price":"$213.30"},
{"id":131,"customer":"Jessica Henry","title":"SEO and SEM","email":"jhenry3m@senate.gov","status":"Completed","date":"6/3/2015","price":"$471.77"},
{"id":132,"customer":"Adam Morrison","title":"php website","email":"amorrison3n@multiply.com","status":"Completed","date":"4/20/2015","price":"$497.57"},
{"id":133,"customer":"Patricia Johnston","title":"graphic design","email":"pjohnston3o@mit.edu","status":"New","date":"8/16/2015","price":"$275.54"},
{"id":134,"customer":"Kenneth Perkins","title":"marketing","email":"kperkins3p@howstuffworks.com","status":"Completed","date":"11/5/2015","price":"$292.56"},
{"id":135,"customer":"Janice Matthews","title":"social media marketing","email":"jmatthews3q@twitpic.com","status":"Completed","date":"11/5/2015","price":"$326.92"},
{"id":136,"customer":"Johnny Day","title":"programming","email":"jday3r@accuweather.com","status":"New","date":"5/28/2015","price":"$213.28"},
{"id":137,"customer":"Martin Stevens","title":"programming","email":"mstevens3s@cornell.edu","status":"New","date":"9/13/2015","price":"$207.89"},
{"id":138,"customer":"Eugene Gonzalez","title":"marketing","email":"egonzalez3t@blogtalkradio.com","status":"Completed","date":"10/20/2015","price":"$153.89"},
{"id":139,"customer":"Helen Thompson","title":"branding","email":"hthompson3u@squarespace.com","status":"New","date":"5/12/2015","price":"$433.36"},
{"id":140,"customer":"Carolyn Powell","title":"graphic design","email":"cpowell3v@census.gov","status":"Completed","date":"8/31/2015","price":"$143.83"},
{"id":141,"customer":"Virginia Bailey","title":"branding","email":"vbailey3w@meetup.com","status":"Completed","date":"6/5/2015","price":"$464.35"},
{"id":142,"customer":"Mildred Austin","title":"wordpress website","email":"maustin3x@artisteer.com","status":"New","date":"11/9/2015","price":"$194.51"},
{"id":143,"customer":"Robin Porter","title":"web design","email":"rporter3y@ifeng.com","status":"Completed","date":"2/27/2015","price":"$396.65"},
{"id":144,"customer":"Phyllis Hawkins","title":"social media marketing","email":"phawkins3z@mashable.com","status":"Completed","date":"7/25/2015","price":"$267.54"},
{"id":145,"customer":"Joe Watson","title":"social media marketing","email":"jwatson40@seattletimes.com","status":"New","date":"3/1/2015","price":"$157.26"},
{"id":146,"customer":"Phyllis West","title":"photoshop","email":"pwest41@slate.com","status":"Completed","date":"1/5/2015","price":"$189.86"},
{"id":147,"customer":"Albert Austin","title":"php website","email":"aaustin42@merriam-webster.com","status":"Completed","date":"5/5/2015","price":"$289.42"},
{"id":148,"customer":"David Robertson","title":"logo design","email":"drobertson43@jimdo.com","status":"New","date":"12/19/2014","price":"$490.42"},
{"id":149,"customer":"Clarence Flores","title":"SEO and SEM","email":"cflores44@webs.com","status":"New","date":"7/17/2015","price":"$422.43"},
{"id":150,"customer":"Christopher Reid","title":"logo design","email":"creid45@tuttocitta.it","status":"New","date":"7/7/2015","price":"$398.65"},
{"id":151,"customer":"Kathryn Ward","title":"graphic design","email":"kward46@amazon.com","status":"Completed","date":"6/12/2015","price":"$335.91"},
{"id":152,"customer":"Carolyn Johnson","title":"graphic design","email":"cjohnson47@army.mil","status":"Completed","date":"5/31/2015","price":"$294.11"},
{"id":153,"customer":"Angela Powell","title":"graphic design","email":"apowell48@freewebs.com","status":"Completed","date":"12/16/2014","price":"$189.35"},
{"id":154,"customer":"Marie Lawson","title":"marketing","email":"mlawson49@com.com","status":"New","date":"10/12/2015","price":"$302.16"},
{"id":155,"customer":"Juan Harrison","title":"photoshop","email":"jharrison4a@liveinternet.ru","status":"Completed","date":"9/17/2015","price":"$438.92"},
{"id":156,"customer":"Rose Thomas","title":"php website","email":"rthomas4b@a8.net","status":"New","date":"7/11/2015","price":"$428.69"},
{"id":157,"customer":"Debra Weaver","title":"crm service","email":"dweaver4c@chronoengine.com","status":"New","date":"6/15/2015","price":"$346.66"},
{"id":158,"customer":"Susan Stanley","title":"wordpress website","email":"sstanley4d@archive.org","status":"New","date":"4/10/2015","price":"$112.44"},
{"id":159,"customer":"Joan Lewis","title":"photoshop","email":"jlewis4e@state.gov","status":"Completed","date":"11/14/2015","price":"$221.17"},
{"id":160,"customer":"Rose Martinez","title":"web design","email":"rmartinez4f@go.com","status":"Completed","date":"3/12/2015","price":"$460.85"},
{"id":161,"customer":"Paul Morris","title":"wordpress website","email":"pmorris4g@imgur.com","status":"New","date":"4/10/2015","price":"$486.91"},
{"id":162,"customer":"Joe Gutierrez","title":"branding","email":"jgutierrez4h@nature.com","status":"Completed","date":"4/2/2015","price":"$440.60"},
{"id":163,"customer":"Jeremy Perry","title":"graphic design","email":"jperry4i@vkontakte.ru","status":"New","date":"2/6/2015","price":"$413.13"},
{"id":164,"customer":"Rose Peters","title":"logo design","email":"rpeters4j@ucoz.com","status":"New","date":"4/25/2015","price":"$177.69"},
{"id":165,"customer":"Kathleen Watkins","title":"marketing","email":"kwatkins4k@google.com.hk","status":"Completed","date":"7/1/2015","price":"$205.38"},
{"id":166,"customer":"Sharon Bell","title":"crm service","email":"sbell4l@simplemachines.org","status":"New","date":"2/2/2015","price":"$290.52"},
{"id":167,"customer":"Marie Russell","title":"crm service","email":"mrussell4m@newyorker.com","status":"Completed","date":"12/18/2014","price":"$121.77"},
{"id":168,"customer":"Brenda Lewis","title":"photoshop","email":"blewis4n@icio.us","status":"New","date":"9/30/2015","price":"$365.31"},
{"id":169,"customer":"Anthony Alvarez","title":"programming","email":"aalvarez4o@google.nl","status":"Completed","date":"1/20/2015","price":"$174.24"},
{"id":170,"customer":"Jimmy Carr","title":"photoshop","email":"jcarr4p@go.com","status":"New","date":"8/13/2015","price":"$282.48"},
{"id":171,"customer":"Walter Turner","title":"marketing","email":"wturner4q@bloomberg.com","status":"Completed","date":"12/29/2014","price":"$477.49"},
{"id":172,"customer":"Amanda Grant","title":"logo design","email":"agrant4r@imdb.com","status":"Completed","date":"6/19/2015","price":"$111.17"},
{"id":173,"customer":"Alan Chapman","title":"logo design","email":"achapman4s@yolasite.com","status":"Completed","date":"10/26/2015","price":"$302.80"},
{"id":174,"customer":"Tammy Ortiz","title":"SEO and SEM","email":"tortiz4t@free.fr","status":"Completed","date":"5/10/2015","price":"$428.75"},
{"id":175,"customer":"Wayne Rogers","title":"logo design","email":"wrogers4u@wordpress.com","status":"Completed","date":"9/24/2015","price":"$281.87"},
{"id":176,"customer":"Shirley Lynch","title":"wordpress website","email":"slynch4v@pcworld.com","status":"Completed","date":"12/5/2014","price":"$322.77"},
{"id":177,"customer":"Benjamin Simpson","title":"marketing","email":"bsimpson4w@google.co.uk","status":"Completed","date":"11/27/2015","price":"$484.16"},
{"id":178,"customer":"Katherine Payne","title":"social media marketing","email":"kpayne4x@paypal.com","status":"Completed","date":"7/28/2015","price":"$481.75"},
{"id":179,"customer":"Fred Romero","title":"SEO and SEM","email":"fromero4y@stanford.edu","status":"Completed","date":"2/6/2015","price":"$332.84"},
{"id":180,"customer":"Lois Hunter","title":"wordpress website","email":"lhunter4z@i2i.jp","status":"Completed","date":"11/8/2015","price":"$207.39"},
{"id":181,"customer":"Karen Bell","title":"logo design","email":"kbell50@1und1.de","status":"Completed","date":"1/3/2015","price":"$312.30"},
{"id":182,"customer":"Margaret Thompson","title":"web design","email":"mthompson51@google.cn","status":"Completed","date":"1/11/2015","price":"$287.88"},
{"id":183,"customer":"Arthur Brown","title":"SEO and SEM","email":"abrown52@bigcartel.com","status":"Completed","date":"3/8/2015","price":"$473.76"},
{"id":184,"customer":"Irene Howell","title":"php website","email":"ihowell53@cpanel.net","status":"New","date":"8/25/2015","price":"$361.95"},
{"id":185,"customer":"Christopher Gibson","title":"logo design","email":"cgibson54@hao123.com","status":"Completed","date":"6/13/2015","price":"$430.28"},
{"id":186,"customer":"Roger Spencer","title":"wordpress website","email":"rspencer55@newsvine.com","status":"Completed","date":"3/9/2015","price":"$252.05"},
{"id":187,"customer":"Bonnie Wright","title":"logo design","email":"bwright56@sina.com.cn","status":"New","date":"1/21/2015","price":"$315.22"},
{"id":188,"customer":"Jean Smith","title":"branding","email":"jsmith57@jiathis.com","status":"Completed","date":"6/12/2015","price":"$242.82"},
{"id":189,"customer":"Ruth Harvey","title":"php website","email":"rharvey58@ihg.com","status":"New","date":"12/8/2014","price":"$116.76"},
{"id":190,"customer":"Albert Reynolds","title":"web design","email":"areynolds59@businesswire.com","status":"Completed","date":"10/18/2015","price":"$180.49"},
{"id":191,"customer":"Ronald Crawford","title":"web design","email":"rcrawford5a@jugem.jp","status":"New","date":"5/14/2015","price":"$305.73"},
{"id":192,"customer":"Stephanie Meyer","title":"photoshop","email":"smeyer5b@gravatar.com","status":"New","date":"11/3/2015","price":"$348.51"},
{"id":193,"customer":"Carl Carroll","title":"logo design","email":"ccarroll5c@phpbb.com","status":"Completed","date":"9/27/2015","price":"$142.13"},
{"id":194,"customer":"Earl Jenkins","title":"programming","email":"ejenkins5d@businessinsider.com","status":"New","date":"10/8/2015","price":"$185.69"},
{"id":195,"customer":"Clarence Kelley","title":"logo design","email":"ckelley5e@google.com.au","status":"Completed","date":"4/25/2015","price":"$500.00"},
{"id":196,"customer":"Roger Harrison","title":"branding","email":"rharrison5f@bizjournals.com","status":"New","date":"2/1/2015","price":"$122.60"},
{"id":197,"customer":"Christina Cooper","title":"php website","email":"ccooper5g@disqus.com","status":"Completed","date":"5/28/2015","price":"$484.86"},
{"id":198,"customer":"Russell Stone","title":"php website","email":"rstone5h@archive.org","status":"New","date":"8/28/2015","price":"$312.03"},
{"id":199,"customer":"Victor Robinson","title":"logo design","email":"vrobinson5i@shinystat.com","status":"New","date":"7/26/2015","price":"$263.89"},
{"id":200,"customer":"Annie Mcdonald","title":"programming","email":"amcdonald5j@networksolutions.com","status":"New","date":"6/3/2015","price":"$425.05"},
{"id":201,"customer":"Jane Arnold","title":"SEO and SEM","email":"jarnold5k@sourceforge.net","status":"New","date":"8/29/2015","price":"$150.62"},
{"id":202,"customer":"Fred Rodriguez","title":"web design","email":"frodriguez5l@dyndns.org","status":"New","date":"6/11/2015","price":"$473.46"},
{"id":203,"customer":"Martha Andrews","title":"branding","email":"mandrews5m@com.com","status":"Completed","date":"11/4/2015","price":"$461.01"},
{"id":204,"customer":"Heather Edwards","title":"web design","email":"hedwards5n@flavors.me","status":"Completed","date":"5/18/2015","price":"$134.77"},
{"id":205,"customer":"Antonio Barnes","title":"wordpress website","email":"abarnes5o@clickbank.net","status":"New","date":"11/19/2015","price":"$232.74"},
{"id":206,"customer":"Jeffrey Taylor","title":"php website","email":"jtaylor5p@blinklist.com","status":"New","date":"1/28/2015","price":"$289.86"},
{"id":207,"customer":"Marie James","title":"social media marketing","email":"mjames5q@google.co.uk","status":"New","date":"11/16/2015","price":"$272.13"},
{"id":208,"customer":"Wayne Burke","title":"photoshop","email":"wburke5r@gov.uk","status":"New","date":"1/23/2015","price":"$163.24"},
{"id":209,"customer":"Lisa Cole","title":"web design","email":"lcole5s@com.com","status":"New","date":"5/12/2015","price":"$255.46"},
{"id":210,"customer":"Laura Williamson","title":"branding","email":"lwilliamson5t@rediff.com","status":"New","date":"3/11/2015","price":"$323.77"},
{"id":211,"customer":"Dennis Ramirez","title":"social media marketing","email":"dramirez5u@w3.org","status":"Completed","date":"10/19/2015","price":"$271.31"},
{"id":212,"customer":"Angela Montgomery","title":"logo design","email":"amontgomery5v@typepad.com","status":"Completed","date":"9/21/2015","price":"$182.20"},
{"id":213,"customer":"Paula Moore","title":"graphic design","email":"pmoore5w@psu.edu","status":"Completed","date":"6/4/2015","price":"$432.96"},
{"id":214,"customer":"John Gutierrez","title":"wordpress website","email":"jgutierrez5x@bloomberg.com","status":"New","date":"5/20/2015","price":"$452.96"},
{"id":215,"customer":"Bobby Grant","title":"SEO and SEM","email":"bgrant5y@parallels.com","status":"Completed","date":"4/26/2015","price":"$375.13"},
{"id":216,"customer":"Tammy Ruiz","title":"logo design","email":"truiz5z@facebook.com","status":"Completed","date":"12/29/2014","price":"$378.34"},
{"id":217,"customer":"Matthew Kelley","title":"photoshop","email":"mkelley60@topsy.com","status":"New","date":"4/13/2015","price":"$256.68"},
{"id":218,"customer":"Chris Carter","title":"logo design","email":"ccarter61@bing.com","status":"New","date":"8/25/2015","price":"$139.37"},
{"id":219,"customer":"Annie Gonzales","title":"graphic design","email":"agonzales62@hexun.com","status":"New","date":"8/8/2015","price":"$321.05"},
{"id":220,"customer":"Jennifer Reid","title":"photoshop","email":"jreid63@businessweek.com","status":"Completed","date":"6/5/2015","price":"$381.36"},
{"id":221,"customer":"Susan Armstrong","title":"photoshop","email":"sarmstrong64@hostgator.com","status":"New","date":"4/12/2015","price":"$211.73"},
{"id":222,"customer":"Jean Robertson","title":"photoshop","email":"jrobertson65@nsw.gov.au","status":"Completed","date":"12/3/2014","price":"$464.52"},
{"id":223,"customer":"Emily Payne","title":"marketing","email":"epayne66@icq.com","status":"New","date":"1/28/2015","price":"$348.50"},
{"id":224,"customer":"Carlos Lopez","title":"marketing","email":"clopez67@facebook.com","status":"New","date":"5/24/2015","price":"$310.36"},
{"id":225,"customer":"Catherine Dunn","title":"crm service","email":"cdunn68@mysql.com","status":"New","date":"9/26/2015","price":"$400.51"},
{"id":226,"customer":"Amanda Robertson","title":"SEO and SEM","email":"arobertson69@techcrunch.com","status":"New","date":"6/5/2015","price":"$383.60"},
{"id":227,"customer":"Diane Diaz","title":"programming","email":"ddiaz6a@msu.edu","status":"Completed","date":"10/10/2015","price":"$201.54"},
{"id":228,"customer":"Antonio Sanders","title":"crm service","email":"asanders6b@walmart.com","status":"New","date":"9/16/2015","price":"$348.22"},
{"id":229,"customer":"Jesse Owens","title":"wordpress website","email":"jowens6c@geocities.jp","status":"New","date":"7/28/2015","price":"$183.89"},
{"id":230,"customer":"Sean Jordan","title":"programming","email":"sjordan6d@prlog.org","status":"Completed","date":"5/9/2015","price":"$116.52"},
{"id":231,"customer":"Theresa Myers","title":"marketing","email":"tmyers6e@icq.com","status":"Completed","date":"9/22/2015","price":"$334.70"},
{"id":232,"customer":"Timothy Pierce","title":"crm service","email":"tpierce6f@cdbaby.com","status":"Completed","date":"12/21/2014","price":"$207.50"},
{"id":233,"customer":"Lori Vasquez","title":"php website","email":"lvasquez6g@abc.net.au","status":"Completed","date":"5/6/2015","price":"$492.27"},
{"id":234,"customer":"Eugene Schmidt","title":"logo design","email":"eschmidt6h@live.com","status":"Completed","date":"2/19/2015","price":"$285.33"},
{"id":235,"customer":"Amy Owens","title":"graphic design","email":"aowens6i@hud.gov","status":"New","date":"12/16/2014","price":"$261.85"},
{"id":236,"customer":"Martin Perez","title":"web design","email":"mperez6j@twitter.com","status":"Completed","date":"4/25/2015","price":"$285.87"},
{"id":237,"customer":"Gloria Lawson","title":"SEO and SEM","email":"glawson6k@delicious.com","status":"Completed","date":"1/14/2015","price":"$341.48"},
{"id":238,"customer":"Ryan Cooper","title":"photoshop","email":"rcooper6l@hud.gov","status":"New","date":"8/23/2015","price":"$271.75"},
{"id":239,"customer":"Earl Andrews","title":"logo design","email":"eandrews6m@wiley.com","status":"Completed","date":"4/20/2015","price":"$260.13"},
{"id":240,"customer":"Cheryl Romero","title":"logo design","email":"cromero6n@so-net.ne.jp","status":"Completed","date":"12/9/2014","price":"$255.57"},
{"id":241,"customer":"Jacqueline Carter","title":"SEO and SEM","email":"jcarter6o@mac.com","status":"Completed","date":"9/22/2015","price":"$312.34"},
{"id":242,"customer":"Patricia Stephens","title":"SEO and SEM","email":"pstephens6p@deviantart.com","status":"New","date":"6/17/2015","price":"$494.00"},
{"id":243,"customer":"Julie Graham","title":"logo design","email":"jgraham6q@blog.com","status":"New","date":"8/15/2015","price":"$273.89"},
{"id":244,"customer":"Earl Holmes","title":"logo design","email":"eholmes6r@netscape.com","status":"Completed","date":"12/8/2014","price":"$375.88"},
{"id":245,"customer":"Helen Bradley","title":"marketing","email":"hbradley6s@webnode.com","status":"Completed","date":"5/4/2015","price":"$251.47"},
{"id":246,"customer":"Anne Fields","title":"graphic design","email":"afields6t@cargocollective.com","status":"Completed","date":"2/8/2015","price":"$473.62"},
{"id":247,"customer":"Jonathan Cole","title":"web design","email":"jcole6u@meetup.com","status":"Completed","date":"7/18/2015","price":"$424.82"},
{"id":248,"customer":"Todd Richards","title":"crm service","email":"trichards6v@imgur.com","status":"Completed","date":"5/8/2015","price":"$471.22"},
{"id":249,"customer":"Billy Gibson","title":"programming","email":"bgibson6w@disqus.com","status":"New","date":"5/4/2015","price":"$416.28"},
{"id":250,"customer":"Jeffrey Rogers","title":"php website","email":"jrogers6x@wikia.com","status":"Completed","date":"8/31/2015","price":"$383.89"},
{"id":251,"customer":"Philip Green","title":"SEO and SEM","email":"pgreen6y@xing.com","status":"New","date":"11/6/2015","price":"$142.50"},
{"id":252,"customer":"Stephanie Andrews","title":"logo design","email":"sandrews6z@imdb.com","status":"Completed","date":"7/17/2015","price":"$382.86"},
{"id":253,"customer":"Charles Stanley","title":"wordpress website","email":"cstanley70@bloglines.com","status":"Completed","date":"6/18/2015","price":"$111.41"},
{"id":254,"customer":"Jason Alvarez","title":"SEO and SEM","email":"jalvarez71@china.com.cn","status":"Completed","date":"4/23/2015","price":"$420.29"},
{"id":255,"customer":"Maria Turner","title":"web design","email":"mturner72@multiply.com","status":"New","date":"3/20/2015","price":"$396.03"},
{"id":256,"customer":"Mildred White","title":"graphic design","email":"mwhite73@storify.com","status":"Completed","date":"8/8/2015","price":"$161.42"},
{"id":257,"customer":"Sandra Stone","title":"crm service","email":"sstone74@topsy.com","status":"New","date":"11/13/2015","price":"$221.99"},
{"id":258,"customer":"Scott Hawkins","title":"wordpress website","email":"shawkins75@indiegogo.com","status":"Completed","date":"5/30/2015","price":"$193.58"},
{"id":259,"customer":"Christine Robinson","title":"branding","email":"crobinson76@furl.net","status":"New","date":"7/5/2015","price":"$372.73"},
{"id":260,"customer":"Johnny Alvarez","title":"php website","email":"jalvarez77@howstuffworks.com","status":"Completed","date":"1/6/2015","price":"$428.08"},
{"id":261,"customer":"Linda Martin","title":"photoshop","email":"lmartin78@google.pl","status":"New","date":"6/19/2015","price":"$466.59"},
{"id":262,"customer":"Gregory Nelson","title":"SEO and SEM","email":"gnelson79@cnet.com","status":"Completed","date":"11/28/2015","price":"$157.20"},
{"id":263,"customer":"Katherine Williamson","title":"marketing","email":"kwilliamson7a@pagesperso-orange.fr","status":"New","date":"12/3/2014","price":"$499.42"},
{"id":264,"customer":"Robin Banks","title":"social media marketing","email":"rbanks7b@merriam-webster.com","status":"Completed","date":"10/10/2015","price":"$144.54"},
{"id":265,"customer":"Timothy Holmes","title":"SEO and SEM","email":"tholmes7c@nps.gov","status":"New","date":"4/23/2015","price":"$415.58"},
{"id":266,"customer":"Daniel Hart","title":"marketing","email":"dhart7d@sbwire.com","status":"Completed","date":"3/9/2015","price":"$176.25"},
{"id":267,"customer":"Ann Lawrence","title":"programming","email":"alawrence7e@google.co.uk","status":"New","date":"2/20/2015","price":"$107.73"},
{"id":268,"customer":"Sean Garza","title":"php website","email":"sgarza7f@newyorker.com","status":"New","date":"11/8/2015","price":"$350.31"},
{"id":269,"customer":"Nicole Dunn","title":"web design","email":"ndunn7g@fema.gov","status":"Completed","date":"12/2/2014","price":"$421.04"},
{"id":270,"customer":"Julia Hill","title":"marketing","email":"jhill7h@vimeo.com","status":"Completed","date":"5/13/2015","price":"$343.43"},
{"id":271,"customer":"Ann Fox","title":"web design","email":"afox7i@cbslocal.com","status":"New","date":"5/26/2015","price":"$173.43"},
{"id":272,"customer":"Samuel Jordan","title":"programming","email":"sjordan7j@redcross.org","status":"New","date":"5/12/2015","price":"$148.82"},
{"id":273,"customer":"William Kim","title":"web design","email":"wkim7k@scientificamerican.com","status":"New","date":"8/12/2015","price":"$317.86"},
{"id":274,"customer":"Irene Lawson","title":"web design","email":"ilawson7l@bbb.org","status":"New","date":"11/6/2015","price":"$469.83"},
{"id":275,"customer":"Henry Ross","title":"php website","email":"hross7m@aol.com","status":"New","date":"2/14/2015","price":"$313.42"},
{"id":276,"customer":"Roy Clark","title":"graphic design","email":"rclark7n@ucoz.ru","status":"New","date":"9/8/2015","price":"$242.45"},
{"id":277,"customer":"Paul Clark","title":"crm service","email":"pclark7o@zdnet.com","status":"New","date":"2/17/2015","price":"$275.77"},
{"id":278,"customer":"Cynthia Burns","title":"SEO and SEM","email":"cburns7p@ow.ly","status":"Completed","date":"1/26/2015","price":"$247.53"},
{"id":279,"customer":"Judith Webb","title":"social media marketing","email":"jwebb7q@dyndns.org","status":"New","date":"11/10/2015","price":"$449.56"},
{"id":280,"customer":"Phillip Rivera","title":"branding","email":"privera7r@linkedin.com","status":"New","date":"11/19/2015","price":"$218.78"},
{"id":281,"customer":"Cynthia Fisher","title":"programming","email":"cfisher7s@theglobeandmail.com","status":"Completed","date":"10/14/2015","price":"$286.82"},
{"id":282,"customer":"Randy Greene","title":"branding","email":"rgreene7t@cbc.ca","status":"New","date":"8/25/2015","price":"$300.22"},
{"id":283,"customer":"Rose Sims","title":"branding","email":"rsims7u@imageshack.us","status":"Completed","date":"11/25/2015","price":"$202.05"},
{"id":284,"customer":"Ruth Gibson","title":"social media marketing","email":"rgibson7v@discuz.net","status":"Completed","date":"2/27/2015","price":"$282.66"},
{"id":285,"customer":"Wanda Holmes","title":"marketing","email":"wholmes7w@nymag.com","status":"New","date":"8/2/2015","price":"$452.28"},
{"id":286,"customer":"Dorothy Willis","title":"SEO and SEM","email":"dwillis7x@techcrunch.com","status":"New","date":"11/9/2015","price":"$366.97"},
{"id":287,"customer":"Michelle Ruiz","title":"crm service","email":"mruiz7y@stumbleupon.com","status":"New","date":"11/14/2015","price":"$342.05"},
{"id":288,"customer":"Ashley Nichols","title":"marketing","email":"anichols7z@digg.com","status":"New","date":"3/27/2015","price":"$269.80"},
{"id":289,"customer":"Diane Hill","title":"php website","email":"dhill80@unc.edu","status":"New","date":"6/10/2015","price":"$437.56"},
{"id":290,"customer":"Kathryn Jordan","title":"photoshop","email":"kjordan81@ifeng.com","status":"Completed","date":"1/18/2015","price":"$101.79"},
{"id":291,"customer":"Martha Mccoy","title":"marketing","email":"mmccoy82@infoseek.co.jp","status":"Completed","date":"3/26/2015","price":"$142.24"},
{"id":292,"customer":"Jane Gonzalez","title":"crm service","email":"jgonzalez83@sourceforge.net","status":"New","date":"4/21/2015","price":"$147.71"},
{"id":293,"customer":"Janet Matthews","title":"social media marketing","email":"jmatthews84@tinyurl.com","status":"Completed","date":"7/25/2015","price":"$158.27"},
{"id":294,"customer":"Amanda Duncan","title":"web design","email":"aduncan85@studiopress.com","status":"Completed","date":"6/20/2015","price":"$333.45"},
{"id":295,"customer":"Tammy Simpson","title":"branding","email":"tsimpson86@xrea.com","status":"New","date":"9/17/2015","price":"$327.85"},
{"id":296,"customer":"Deborah Henry","title":"SEO and SEM","email":"dhenry87@omniture.com","status":"New","date":"1/18/2015","price":"$120.52"},
{"id":297,"customer":"Sarah Hudson","title":"web design","email":"shudson88@scientificamerican.com","status":"New","date":"10/7/2015","price":"$114.30"},
{"id":298,"customer":"Carol Perez","title":"social media marketing","email":"cperez89@ft.com","status":"New","date":"4/6/2015","price":"$223.72"},
{"id":299,"customer":"Linda Hughes","title":"photoshop","email":"lhughes8a@timesonline.co.uk","status":"New","date":"7/25/2015","price":"$294.90"},
{"id":300,"customer":"Joe Henry","title":"graphic design","email":"jhenry8b@ameblo.jp","status":"New","date":"12/9/2014","price":"$350.42"},
{"id":301,"customer":"Melissa Riley","title":"SEO and SEM","email":"mriley8c@dell.com","status":"New","date":"7/17/2015","price":"$426.57"},
{"id":302,"customer":"Jennifer Hawkins","title":"SEO and SEM","email":"jhawkins8d@nbcnews.com","status":"New","date":"3/18/2015","price":"$180.32"},
{"id":303,"customer":"Mary Torres","title":"graphic design","email":"mtorres8e@disqus.com","status":"New","date":"3/18/2015","price":"$395.60"},
{"id":304,"customer":"Patrick Ramirez","title":"crm service","email":"pramirez8f@ucoz.com","status":"New","date":"4/12/2015","price":"$187.91"},
{"id":305,"customer":"Christina Hunt","title":"branding","email":"chunt8g@huffingtonpost.com","status":"New","date":"3/22/2015","price":"$424.82"},
{"id":306,"customer":"Samuel Berry","title":"wordpress website","email":"sberry8h@cam.ac.uk","status":"New","date":"7/3/2015","price":"$284.68"},
{"id":307,"customer":"Jonathan George","title":"branding","email":"jgeorge8i@wikia.com","status":"Completed","date":"7/22/2015","price":"$342.79"},
{"id":308,"customer":"Joyce Perez","title":"web design","email":"jperez8j@list-manage.com","status":"Completed","date":"6/21/2015","price":"$181.37"},
{"id":309,"customer":"James Green","title":"graphic design","email":"jgreen8k@seattletimes.com","status":"New","date":"5/13/2015","price":"$280.50"},
{"id":310,"customer":"Bonnie Patterson","title":"programming","email":"bpatterson8l@hatena.ne.jp","status":"New","date":"7/24/2015","price":"$464.87"},
{"id":311,"customer":"Kevin Freeman","title":"crm service","email":"kfreeman8m@ucoz.com","status":"New","date":"11/2/2015","price":"$379.77"},
{"id":312,"customer":"Kevin Woods","title":"wordpress website","email":"kwoods8n@theguardian.com","status":"New","date":"9/14/2015","price":"$185.31"},
{"id":313,"customer":"Ryan Morgan","title":"crm service","email":"rmorgan8o@jigsy.com","status":"New","date":"7/10/2015","price":"$411.74"},
{"id":314,"customer":"Susan Campbell","title":"web design","email":"scampbell8p@weibo.com","status":"Completed","date":"7/16/2015","price":"$482.96"},
{"id":315,"customer":"Jesse Sanders","title":"branding","email":"jsanders8q@photobucket.com","status":"Completed","date":"3/27/2015","price":"$405.78"},
{"id":316,"customer":"Jose Howard","title":"php website","email":"jhoward8r@nyu.edu","status":"New","date":"11/26/2015","price":"$117.90"},
{"id":317,"customer":"Laura Baker","title":"logo design","email":"lbaker8s@ycombinator.com","status":"Completed","date":"2/25/2015","price":"$126.74"},
{"id":318,"customer":"Diana Sanchez","title":"crm service","email":"dsanchez8t@theglobeandmail.com","status":"New","date":"10/7/2015","price":"$392.68"},
{"id":319,"customer":"Gloria Lopez","title":"logo design","email":"glopez8u@google.com.br","status":"Completed","date":"1/15/2015","price":"$119.25"},
{"id":320,"customer":"Philip Thomas","title":"branding","email":"pthomas8v@last.fm","status":"Completed","date":"3/30/2015","price":"$476.01"},
{"id":321,"customer":"Melissa Sanchez","title":"wordpress website","email":"msanchez8w@github.io","status":"Completed","date":"4/2/2015","price":"$385.76"},
{"id":322,"customer":"Melissa Fox","title":"photoshop","email":"mfox8x@alibaba.com","status":"New","date":"1/13/2015","price":"$444.36"},
{"id":323,"customer":"Albert Peters","title":"logo design","email":"apeters8y@51.la","status":"Completed","date":"9/10/2015","price":"$100.69"},
{"id":324,"customer":"Debra Boyd","title":"logo design","email":"dboyd8z@usgs.gov","status":"Completed","date":"4/19/2015","price":"$272.95"},
{"id":325,"customer":"Timothy Long","title":"marketing","email":"tlong90@cbslocal.com","status":"New","date":"6/29/2015","price":"$118.12"},
{"id":326,"customer":"Thomas Lopez","title":"logo design","email":"tlopez91@timesonline.co.uk","status":"Completed","date":"8/9/2015","price":"$250.34"},
{"id":327,"customer":"Anne Lee","title":"wordpress website","email":"alee92@ihg.com","status":"Completed","date":"4/13/2015","price":"$479.10"},
{"id":328,"customer":"Catherine Reid","title":"social media marketing","email":"creid93@forbes.com","status":"New","date":"6/24/2015","price":"$101.62"},
{"id":329,"customer":"Sara Nichols","title":"programming","email":"snichols94@usa.gov","status":"New","date":"9/4/2015","price":"$109.98"},
{"id":330,"customer":"Jimmy Wells","title":"wordpress website","email":"jwells95@qq.com","status":"New","date":"8/31/2015","price":"$488.62"},
{"id":331,"customer":"Adam Little","title":"logo design","email":"alittle96@amazonaws.com","status":"Completed","date":"5/25/2015","price":"$372.27"},
{"id":332,"customer":"Douglas Gilbert","title":"photoshop","email":"dgilbert97@sciencedirect.com","status":"Completed","date":"9/18/2015","price":"$455.52"},
{"id":333,"customer":"Tina Williams","title":"marketing","email":"twilliams98@economist.com","status":"New","date":"1/17/2015","price":"$322.56"},
{"id":334,"customer":"Gerald Cook","title":"wordpress website","email":"gcook99@vkontakte.ru","status":"New","date":"7/5/2015","price":"$231.89"},
{"id":335,"customer":"Jennifer Bishop","title":"web design","email":"jbishop9a@narod.ru","status":"New","date":"1/14/2015","price":"$318.95"},
{"id":336,"customer":"Rachel Hart","title":"photoshop","email":"rhart9b@youku.com","status":"New","date":"12/20/2014","price":"$353.46"},
{"id":337,"customer":"Aaron Lewis","title":"photoshop","email":"alewis9c@amazon.de","status":"Completed","date":"2/10/2015","price":"$112.92"},
{"id":338,"customer":"Marilyn Hunt","title":"photoshop","email":"mhunt9d@cam.ac.uk","status":"New","date":"3/15/2015","price":"$167.45"},
{"id":339,"customer":"Kathleen Miller","title":"social media marketing","email":"kmiller9e@freewebs.com","status":"New","date":"1/28/2015","price":"$119.26"},
{"id":340,"customer":"Kelly Henry","title":"SEO and SEM","email":"khenry9f@dot.gov","status":"New","date":"11/29/2015","price":"$272.55"},
{"id":341,"customer":"Amy Wright","title":"social media marketing","email":"awright9g@1688.com","status":"New","date":"8/15/2015","price":"$243.68"},
{"id":342,"customer":"Anne Wallace","title":"branding","email":"awallace9h@constantcontact.com","status":"New","date":"3/22/2015","price":"$258.93"},
{"id":343,"customer":"Barbara Lee","title":"SEO and SEM","email":"blee9i@oracle.com","status":"New","date":"12/9/2014","price":"$127.37"},
{"id":344,"customer":"Joe Matthews","title":"php website","email":"jmatthews9j@elegantthemes.com","status":"New","date":"5/22/2015","price":"$301.13"},
{"id":345,"customer":"Jimmy Hill","title":"photoshop","email":"jhill9k@netvibes.com","status":"New","date":"9/14/2015","price":"$451.72"},
{"id":346,"customer":"Anthony Robinson","title":"wordpress website","email":"arobinson9l@ocn.ne.jp","status":"Completed","date":"3/20/2015","price":"$269.85"},
{"id":347,"customer":"Randy Ruiz","title":"logo design","email":"rruiz9m@ustream.tv","status":"New","date":"12/18/2014","price":"$170.16"},
{"id":348,"customer":"Wanda Montgomery","title":"social media marketing","email":"wmontgomery9n@yellowpages.com","status":"New","date":"11/15/2015","price":"$387.30"},
{"id":349,"customer":"Rebecca Andrews","title":"photoshop","email":"randrews9o@cam.ac.uk","status":"Completed","date":"1/25/2015","price":"$357.07"},
{"id":350,"customer":"Christine Reid","title":"photoshop","email":"creid9p@imgur.com","status":"New","date":"11/5/2015","price":"$170.99"},
{"id":351,"customer":"John Rose","title":"photoshop","email":"jrose9q@php.net","status":"New","date":"1/2/2015","price":"$307.77"},
{"id":352,"customer":"Kathryn Arnold","title":"wordpress website","email":"karnold9r@topsy.com","status":"Completed","date":"8/29/2015","price":"$253.03"},
{"id":353,"customer":"Randy Ramirez","title":"photoshop","email":"rramirez9s@blogs.com","status":"Completed","date":"3/11/2015","price":"$325.10"},
{"id":354,"customer":"Raymond Watson","title":"graphic design","email":"rwatson9t@bandcamp.com","status":"New","date":"10/17/2015","price":"$474.40"},
{"id":355,"customer":"George Burke","title":"crm service","email":"gburke9u@vk.com","status":"New","date":"4/9/2015","price":"$198.08"},
{"id":356,"customer":"Justin Richardson","title":"wordpress website","email":"jrichardson9v@tumblr.com","status":"Completed","date":"4/30/2015","price":"$420.51"},
{"id":357,"customer":"Johnny Burke","title":"php website","email":"jburke9w@google.de","status":"New","date":"6/12/2015","price":"$167.41"},
{"id":358,"customer":"Ruby Mason","title":"php website","email":"rmason9x@skyrock.com","status":"New","date":"4/21/2015","price":"$453.57"},
{"id":359,"customer":"Jonathan Larson","title":"SEO and SEM","email":"jlarson9y@ucoz.com","status":"New","date":"10/18/2015","price":"$293.01"},
{"id":360,"customer":"Shawn Cruz","title":"web design","email":"scruz9z@gov.uk","status":"New","date":"11/15/2015","price":"$212.89"},
{"id":361,"customer":"Lisa Olson","title":"php website","email":"lolsona0@statcounter.com","status":"New","date":"12/9/2014","price":"$436.00"},
{"id":362,"customer":"Cynthia Hansen","title":"crm service","email":"chansena1@techcrunch.com","status":"Completed","date":"1/22/2015","price":"$139.29"},
{"id":363,"customer":"Donald Reed","title":"graphic design","email":"dreeda2@hubpages.com","status":"New","date":"5/6/2015","price":"$285.81"},
{"id":364,"customer":"Martin Carr","title":"logo design","email":"mcarra3@dailymotion.com","status":"Completed","date":"8/2/2015","price":"$216.27"},
{"id":365,"customer":"Joshua Weaver","title":"logo design","email":"jweavera4@weather.com","status":"New","date":"5/3/2015","price":"$163.18"},
{"id":366,"customer":"Patricia Duncan","title":"logo design","email":"pduncana5@yahoo.com","status":"New","date":"3/29/2015","price":"$146.74"},
{"id":367,"customer":"Judith Robertson","title":"SEO and SEM","email":"jrobertsona6@reddit.com","status":"New","date":"11/30/2014","price":"$483.47"},
{"id":368,"customer":"Harry Ruiz","title":"graphic design","email":"hruiza7@webnode.com","status":"New","date":"12/15/2014","price":"$194.75"},
{"id":369,"customer":"Alice Greene","title":"branding","email":"agreenea8@globo.com","status":"Completed","date":"9/17/2015","price":"$337.82"},
{"id":370,"customer":"Amy Reed","title":"photoshop","email":"areeda9@myspace.com","status":"Completed","date":"3/21/2015","price":"$496.40"},
{"id":371,"customer":"Lillian Taylor","title":"logo design","email":"ltayloraa@sogou.com","status":"Completed","date":"5/8/2015","price":"$209.63"},
{"id":372,"customer":"Joyce Williams","title":"php website","email":"jwilliamsab@istockphoto.com","status":"New","date":"2/6/2015","price":"$288.59"},
{"id":373,"customer":"Lisa Stewart","title":"branding","email":"lstewartac@facebook.com","status":"New","date":"5/4/2015","price":"$429.47"},
{"id":374,"customer":"Aaron Long","title":"logo design","email":"alongad@businessinsider.com","status":"New","date":"5/10/2015","price":"$247.14"},
{"id":375,"customer":"Debra Ferguson","title":"SEO and SEM","email":"dfergusonae@simplemachines.org","status":"Completed","date":"2/27/2015","price":"$466.11"},
{"id":376,"customer":"Alan Austin","title":"web design","email":"aaustinaf@virginia.edu","status":"New","date":"10/14/2015","price":"$262.93"},
{"id":377,"customer":"Robin Mccoy","title":"branding","email":"rmccoyag@amazon.co.uk","status":"Completed","date":"4/28/2015","price":"$464.27"},
{"id":378,"customer":"Cynthia Hicks","title":"marketing","email":"chicksah@opera.com","status":"New","date":"10/2/2015","price":"$198.97"},
{"id":379,"customer":"Diane Garrett","title":"logo design","email":"dgarrettai@chron.com","status":"New","date":"4/9/2015","price":"$490.69"},
{"id":380,"customer":"Craig Smith","title":"photoshop","email":"csmithaj@ning.com","status":"Completed","date":"3/12/2015","price":"$141.14"},
{"id":381,"customer":"Evelyn Gutierrez","title":"marketing","email":"egutierrezak@earthlink.net","status":"Completed","date":"9/27/2015","price":"$477.16"},
{"id":382,"customer":"Jeremy Fernandez","title":"marketing","email":"jfernandezal@twitpic.com","status":"New","date":"2/6/2015","price":"$160.79"},
{"id":383,"customer":"Ronald Stanley","title":"branding","email":"rstanleyam@sohu.com","status":"Completed","date":"2/12/2015","price":"$211.67"},
{"id":384,"customer":"Jerry Andrews","title":"programming","email":"jandrewsan@loc.gov","status":"Completed","date":"7/26/2015","price":"$290.43"},
{"id":385,"customer":"Dorothy Stephens","title":"social media marketing","email":"dstephensao@behance.net","status":"Completed","date":"9/15/2015","price":"$189.21"},
{"id":386,"customer":"Rebecca Barnes","title":"photoshop","email":"rbarnesap@tiny.cc","status":"New","date":"11/29/2015","price":"$174.12"},
{"id":387,"customer":"Alan Lopez","title":"wordpress website","email":"alopezaq@friendfeed.com","status":"Completed","date":"9/16/2015","price":"$496.61"},
{"id":388,"customer":"Anthony Sanders","title":"php website","email":"asandersar@indiegogo.com","status":"New","date":"6/12/2015","price":"$205.18"},
{"id":389,"customer":"Sara Davis","title":"crm service","email":"sdavisas@xinhuanet.com","status":"Completed","date":"6/29/2015","price":"$479.09"},
{"id":390,"customer":"Andrew Gomez","title":"social media marketing","email":"agomezat@github.io","status":"Completed","date":"4/16/2015","price":"$249.42"},
{"id":391,"customer":"Evelyn Medina","title":"wordpress website","email":"emedinaau@pen.io","status":"New","date":"4/20/2015","price":"$456.79"},
{"id":392,"customer":"Gloria Schmidt","title":"crm service","email":"gschmidtav@statcounter.com","status":"New","date":"4/6/2015","price":"$129.02"},
{"id":393,"customer":"Ruth Mcdonald","title":"php website","email":"rmcdonaldaw@slate.com","status":"Completed","date":"2/26/2015","price":"$400.98"},
{"id":394,"customer":"Beverly Bennett","title":"web design","email":"bbennettax@wikipedia.org","status":"New","date":"5/1/2015","price":"$154.86"},
{"id":395,"customer":"Bobby Russell","title":"social media marketing","email":"brussellay@hp.com","status":"Completed","date":"9/5/2015","price":"$479.96"},
{"id":396,"customer":"Chris Moore","title":"php website","email":"cmooreaz@github.com","status":"New","date":"2/2/2015","price":"$232.11"},
{"id":397,"customer":"Donald Green","title":"wordpress website","email":"dgreenb0@webs.com","status":"Completed","date":"4/4/2015","price":"$196.36"},
{"id":398,"customer":"Randy Thompson","title":"graphic design","email":"rthompsonb1@boston.com","status":"Completed","date":"8/16/2015","price":"$299.84"},
{"id":399,"customer":"Emily Adams","title":"graphic design","email":"eadamsb2@usgs.gov","status":"New","date":"12/23/2014","price":"$307.05"},
{"id":400,"customer":"Jerry Duncan","title":"social media marketing","email":"jduncanb3@drupal.org","status":"New","date":"2/4/2015","price":"$345.19"},
{"id":401,"customer":"Lois Howard","title":"logo design","email":"lhowardb4@nyu.edu","status":"New","date":"7/19/2015","price":"$215.94"},
{"id":402,"customer":"Lawrence George","title":"photoshop","email":"lgeorgeb5@cdbaby.com","status":"New","date":"2/23/2015","price":"$104.62"},
{"id":403,"customer":"Roy Hall","title":"graphic design","email":"rhallb6@facebook.com","status":"Completed","date":"1/12/2015","price":"$201.77"},
{"id":404,"customer":"Jane Phillips","title":"marketing","email":"jphillipsb7@hexun.com","status":"New","date":"5/24/2015","price":"$257.32"},
{"id":405,"customer":"Carlos Flores","title":"wordpress website","email":"cfloresb8@imageshack.us","status":"Completed","date":"11/3/2015","price":"$319.62"},
{"id":406,"customer":"Richard Gomez","title":"social media marketing","email":"rgomezb9@java.com","status":"New","date":"2/23/2015","price":"$383.04"},
{"id":407,"customer":"Diane Lopez","title":"wordpress website","email":"dlopezba@ft.com","status":"Completed","date":"2/27/2015","price":"$200.77"},
{"id":408,"customer":"Christina Mcdonald","title":"graphic design","email":"cmcdonaldbb@pinterest.com","status":"New","date":"4/30/2015","price":"$271.44"},
{"id":409,"customer":"Jane Moore","title":"logo design","email":"jmoorebc@netscape.com","status":"New","date":"6/11/2015","price":"$319.53"},
{"id":410,"customer":"Maria Rice","title":"wordpress website","email":"mricebd@yolasite.com","status":"New","date":"7/6/2015","price":"$474.41"},
{"id":411,"customer":"Gloria Castillo","title":"SEO and SEM","email":"gcastillobe@umich.edu","status":"Completed","date":"11/3/2015","price":"$147.30"},
{"id":412,"customer":"Aaron Larson","title":"graphic design","email":"alarsonbf@bandcamp.com","status":"New","date":"3/12/2015","price":"$197.91"},
{"id":413,"customer":"Kathryn Marshall","title":"marketing","email":"kmarshallbg@seattletimes.com","status":"Completed","date":"9/26/2015","price":"$231.30"},
{"id":414,"customer":"Martha Sanchez","title":"crm service","email":"msanchezbh@t.co","status":"New","date":"9/27/2015","price":"$335.07"},
{"id":415,"customer":"Gregory Bryant","title":"marketing","email":"gbryantbi@aboutads.info","status":"Completed","date":"6/18/2015","price":"$249.60"},
{"id":416,"customer":"Bruce Henderson","title":"social media marketing","email":"bhendersonbj@cbc.ca","status":"Completed","date":"1/31/2015","price":"$365.32"},
{"id":417,"customer":"Jeffrey Riley","title":"graphic design","email":"jrileybk@globo.com","status":"New","date":"2/17/2015","price":"$467.81"},
{"id":418,"customer":"Linda Vasquez","title":"branding","email":"lvasquezbl@bloglovin.com","status":"New","date":"3/30/2015","price":"$321.68"},
{"id":419,"customer":"Benjamin Oliver","title":"branding","email":"boliverbm@yelp.com","status":"Completed","date":"11/28/2015","price":"$432.45"},
{"id":420,"customer":"Nicole Bailey","title":"web design","email":"nbaileybn@merriam-webster.com","status":"New","date":"2/19/2015","price":"$205.41"},
{"id":421,"customer":"Annie Mason","title":"wordpress website","email":"amasonbo@ebay.co.uk","status":"New","date":"8/15/2015","price":"$431.86"},
{"id":422,"customer":"Tammy Kennedy","title":"photoshop","email":"tkennedybp@mozilla.com","status":"Completed","date":"2/18/2015","price":"$337.62"},
{"id":423,"customer":"Roger George","title":"web design","email":"rgeorgebq@biglobe.ne.jp","status":"New","date":"7/17/2015","price":"$377.17"},
{"id":424,"customer":"Sarah Rogers","title":"social media marketing","email":"srogersbr@sina.com.cn","status":"New","date":"9/7/2015","price":"$487.33"},
{"id":425,"customer":"Jeffrey Nichols","title":"social media marketing","email":"jnicholsbs@mashable.com","status":"Completed","date":"6/24/2015","price":"$402.99"},
{"id":426,"customer":"Norma Jackson","title":"wordpress website","email":"njacksonbt@dagondesign.com","status":"Completed","date":"12/19/2014","price":"$457.14"},
{"id":427,"customer":"Justin Rose","title":"graphic design","email":"jrosebu@wikispaces.com","status":"New","date":"11/18/2015","price":"$176.42"},
{"id":428,"customer":"Stephen Russell","title":"crm service","email":"srussellbv@princeton.edu","status":"Completed","date":"1/24/2015","price":"$307.42"},
{"id":429,"customer":"Jeffrey Wells","title":"SEO and SEM","email":"jwellsbw@rediff.com","status":"Completed","date":"4/18/2015","price":"$301.72"},
{"id":430,"customer":"Ruby Adams","title":"web design","email":"radamsbx@zimbio.com","status":"Completed","date":"7/7/2015","price":"$321.44"},
{"id":431,"customer":"Tina Ramirez","title":"logo design","email":"tramirezby@scribd.com","status":"Completed","date":"6/20/2015","price":"$468.00"},
{"id":432,"customer":"Gary Wallace","title":"graphic design","email":"gwallacebz@oaic.gov.au","status":"New","date":"9/5/2015","price":"$472.86"},
{"id":433,"customer":"Bruce Hicks","title":"logo design","email":"bhicksc0@elpais.com","status":"Completed","date":"9/3/2015","price":"$145.08"},
{"id":434,"customer":"Dennis Vasquez","title":"programming","email":"dvasquezc1@last.fm","status":"Completed","date":"10/3/2015","price":"$375.91"},
{"id":435,"customer":"Raymond Ryan","title":"SEO and SEM","email":"rryanc2@surveymonkey.com","status":"Completed","date":"11/17/2015","price":"$429.65"},
{"id":436,"customer":"Jacqueline Ruiz","title":"marketing","email":"jruizc3@stumbleupon.com","status":"New","date":"11/19/2015","price":"$273.01"},
{"id":437,"customer":"Dennis Carpenter","title":"SEO and SEM","email":"dcarpenterc4@xing.com","status":"Completed","date":"8/21/2015","price":"$128.12"},
{"id":438,"customer":"Sean Allen","title":"marketing","email":"sallenc5@stumbleupon.com","status":"Completed","date":"1/31/2015","price":"$230.62"},
{"id":439,"customer":"Daniel Hunt","title":"branding","email":"dhuntc6@blinklist.com","status":"New","date":"11/26/2015","price":"$381.85"},
{"id":440,"customer":"Christina Freeman","title":"logo design","email":"cfreemanc7@mit.edu","status":"Completed","date":"2/21/2015","price":"$352.67"},
{"id":441,"customer":"Gerald Green","title":"programming","email":"ggreenc8@desdev.cn","status":"New","date":"10/24/2015","price":"$352.17"},
{"id":442,"customer":"Marie Austin","title":"marketing","email":"maustinc9@biglobe.ne.jp","status":"Completed","date":"3/13/2015","price":"$249.37"},
{"id":443,"customer":"Ryan Burns","title":"branding","email":"rburnsca@canalblog.com","status":"New","date":"4/29/2015","price":"$116.17"},
{"id":444,"customer":"Thomas Fernandez","title":"logo design","email":"tfernandezcb@statcounter.com","status":"New","date":"12/17/2014","price":"$313.10"},
{"id":445,"customer":"Sean Dixon","title":"marketing","email":"sdixoncc@ox.ac.uk","status":"New","date":"5/23/2015","price":"$330.33"},
{"id":446,"customer":"Donna Alvarez","title":"graphic design","email":"dalvarezcd@issuu.com","status":"New","date":"6/5/2015","price":"$131.36"},
{"id":447,"customer":"Michelle Harris","title":"social media marketing","email":"mharrisce@virginia.edu","status":"Completed","date":"2/19/2015","price":"$313.26"},
{"id":448,"customer":"Willie Jackson","title":"php website","email":"wjacksoncf@google.com","status":"New","date":"2/18/2015","price":"$163.44"},
{"id":449,"customer":"Amanda Washington","title":"social media marketing","email":"awashingtoncg@engadget.com","status":"New","date":"2/1/2015","price":"$220.60"},
{"id":450,"customer":"Henry Moore","title":"logo design","email":"hmoorech@theglobeandmail.com","status":"Completed","date":"11/7/2015","price":"$253.31"},
{"id":451,"customer":"Jeffrey Day","title":"branding","email":"jdayci@baidu.com","status":"Completed","date":"4/8/2015","price":"$248.01"},
{"id":452,"customer":"Denise Hunter","title":"wordpress website","email":"dhuntercj@cam.ac.uk","status":"Completed","date":"2/20/2015","price":"$104.03"},
{"id":453,"customer":"Pamela Edwards","title":"crm service","email":"pedwardsck@ow.ly","status":"New","date":"3/25/2015","price":"$472.15"},
{"id":454,"customer":"Norma Barnes","title":"php website","email":"nbarnescl@devhub.com","status":"Completed","date":"10/22/2015","price":"$427.92"},
{"id":455,"customer":"Ann Robertson","title":"social media marketing","email":"arobertsoncm@google.com.au","status":"Completed","date":"3/16/2015","price":"$381.13"},
{"id":456,"customer":"Aaron Rodriguez","title":"crm service","email":"arodriguezcn@si.edu","status":"Completed","date":"7/27/2015","price":"$238.36"},
{"id":457,"customer":"Peter Gutierrez","title":"web design","email":"pgutierrezco@weebly.com","status":"Completed","date":"5/17/2015","price":"$426.08"},
{"id":458,"customer":"Christina Gordon","title":"social media marketing","email":"cgordoncp@reuters.com","status":"New","date":"7/18/2015","price":"$153.52"},
{"id":459,"customer":"Randy Moreno","title":"wordpress website","email":"rmorenocq@qq.com","status":"Completed","date":"10/20/2015","price":"$139.02"},
{"id":460,"customer":"Carl Gibson","title":"SEO and SEM","email":"cgibsoncr@ustream.tv","status":"Completed","date":"8/2/2015","price":"$165.37"},
{"id":461,"customer":"Lawrence Price","title":"logo design","email":"lpricecs@blogtalkradio.com","status":"New","date":"2/15/2015","price":"$228.58"},
{"id":462,"customer":"Dorothy Hudson","title":"social media marketing","email":"dhudsonct@people.com.cn","status":"Completed","date":"9/6/2015","price":"$198.17"},
{"id":463,"customer":"Janet Patterson","title":"wordpress website","email":"jpattersoncu@barnesandnoble.com","status":"Completed","date":"5/1/2015","price":"$422.52"},
{"id":464,"customer":"Judith Stone","title":"web design","email":"jstonecv@phoca.cz","status":"Completed","date":"8/2/2015","price":"$224.36"},
{"id":465,"customer":"Charles Parker","title":"wordpress website","email":"cparkercw@china.com.cn","status":"Completed","date":"2/15/2015","price":"$389.46"},
{"id":466,"customer":"Paula Clark","title":"SEO and SEM","email":"pclarkcx@wufoo.com","status":"Completed","date":"2/18/2015","price":"$285.92"},
{"id":467,"customer":"Helen Johnson","title":"graphic design","email":"hjohnsoncy@wiley.com","status":"Completed","date":"9/17/2015","price":"$238.64"},
{"id":468,"customer":"Brandon Meyer","title":"SEO and SEM","email":"bmeyercz@google.it","status":"New","date":"9/10/2015","price":"$355.16"},
{"id":469,"customer":"Mark Jackson","title":"social media marketing","email":"mjacksond0@webmd.com","status":"Completed","date":"8/28/2015","price":"$338.77"},
{"id":470,"customer":"Jessica Dunn","title":"graphic design","email":"jdunnd1@samsung.com","status":"Completed","date":"2/10/2015","price":"$457.41"},
{"id":471,"customer":"Ronald Wallace","title":"logo design","email":"rwallaced2@imdb.com","status":"Completed","date":"3/3/2015","price":"$150.16"},
{"id":472,"customer":"Ashley Fowler","title":"programming","email":"afowlerd3@360.cn","status":"New","date":"10/27/2015","price":"$318.96"},
{"id":473,"customer":"Wayne George","title":"social media marketing","email":"wgeorged4@lycos.com","status":"New","date":"5/1/2015","price":"$156.37"},
{"id":474,"customer":"Annie Hernandez","title":"branding","email":"ahernandezd5@parallels.com","status":"New","date":"10/22/2015","price":"$395.42"},
{"id":475,"customer":"Ann Woods","title":"programming","email":"awoodsd6@google.es","status":"Completed","date":"9/5/2015","price":"$359.07"},
{"id":476,"customer":"Gerald Schmidt","title":"SEO and SEM","email":"gschmidtd7@a8.net","status":"New","date":"10/8/2015","price":"$212.25"},
{"id":477,"customer":"Ruby Coleman","title":"marketing","email":"rcolemand8@phoca.cz","status":"Completed","date":"8/7/2015","price":"$236.67"},
{"id":478,"customer":"Charles Barnes","title":"web design","email":"cbarnesd9@rakuten.co.jp","status":"Completed","date":"2/20/2015","price":"$311.83"},
{"id":479,"customer":"Roger Stevens","title":"SEO and SEM","email":"rstevensda@ucoz.ru","status":"New","date":"8/22/2015","price":"$476.85"},
{"id":480,"customer":"Lori King","title":"programming","email":"lkingdb@weibo.com","status":"Completed","date":"7/19/2015","price":"$152.17"},
{"id":481,"customer":"Jessica Anderson","title":"wordpress website","email":"jandersondc@washingtonpost.com","status":"Completed","date":"5/27/2015","price":"$294.28"},
{"id":482,"customer":"Gerald Rogers","title":"graphic design","email":"grogersdd@godaddy.com","status":"New","date":"5/24/2015","price":"$209.29"},
{"id":483,"customer":"Gary Hamilton","title":"marketing","email":"ghamiltonde@simplemachines.org","status":"Completed","date":"6/4/2015","price":"$344.05"},
{"id":484,"customer":"Steve Garcia","title":"SEO and SEM","email":"sgarciadf@people.com.cn","status":"New","date":"6/12/2015","price":"$463.72"},
{"id":485,"customer":"Janice Warren","title":"logo design","email":"jwarrendg@google.pl","status":"Completed","date":"1/9/2015","price":"$464.15"},
{"id":486,"customer":"Andrea Olson","title":"branding","email":"aolsondh@drupal.org","status":"New","date":"6/3/2015","price":"$137.99"},
{"id":487,"customer":"Kathryn Murray","title":"marketing","email":"kmurraydi@opera.com","status":"New","date":"8/25/2015","price":"$200.33"},
{"id":488,"customer":"Martha Miller","title":"SEO and SEM","email":"mmillerdj@theatlantic.com","status":"Completed","date":"1/4/2015","price":"$305.91"},
{"id":489,"customer":"Jose Kennedy","title":"SEO and SEM","email":"jkennedydk@tumblr.com","status":"Completed","date":"8/10/2015","price":"$169.15"},
{"id":490,"customer":"Margaret Elliott","title":"web design","email":"melliottdl@blog.com","status":"Completed","date":"5/25/2015","price":"$475.03"},
{"id":491,"customer":"Eric Bishop","title":"wordpress website","email":"ebishopdm@bigcartel.com","status":"New","date":"5/31/2015","price":"$106.32"},
{"id":492,"customer":"Antonio Hernandez","title":"web design","email":"ahernandezdn@prlog.org","status":"Completed","date":"1/29/2015","price":"$305.39"},
{"id":493,"customer":"Brenda Sims","title":"programming","email":"bsimsdo@buzzfeed.com","status":"New","date":"6/4/2015","price":"$250.07"},
{"id":494,"customer":"Patrick Warren","title":"SEO and SEM","email":"pwarrendp@army.mil","status":"Completed","date":"7/2/2015","price":"$241.64"},
{"id":495,"customer":"Eric Bailey","title":"web design","email":"ebaileydq@naver.com","status":"New","date":"4/8/2015","price":"$419.49"},
{"id":496,"customer":"Chris Garcia","title":"marketing","email":"cgarciadr@list-manage.com","status":"New","date":"12/26/2014","price":"$404.27"},
{"id":497,"customer":"Patricia Sims","title":"photoshop","email":"psimsds@ftc.gov","status":"New","date":"2/14/2015","price":"$260.64"},
{"id":498,"customer":"Stephen Martin","title":"web design","email":"smartindt@va.gov","status":"New","date":"12/26/2014","price":"$196.11"},
{"id":499,"customer":"Kelly Ford","title":"photoshop","email":"kforddu@sciencedaily.com","status":"Completed","date":"3/24/2015","price":"$254.54"},
{"id":500,"customer":"Justin Parker","title":"php website","email":"jparkerdv@bluehost.com","status":"Completed","date":"10/14/2015","price":"$373.57"}]
}