[{
    "avatar": "data/mus-artists/artist-1.jpg", 
    "name": "Adam Hawkins", 
    "albums": "R B Soul, Jazzblues, Metal"
},  {
    "avatar": "data/mus-artists/artist-2.jpg", 
    "name": "Johnny Morris", 
    "albums": "Indie, Latin, soundtrack"
},  {
    "avatar": "data/mus-artists/artist-3.jpg", 
    "name": "Ashley Walker", 
    "albums": "Electronic, Hip Hop, Piano"
},  {
    "avatar": "data/mus-artists/artist-4.jpg", 
    "name": "Ryan Simpson", 
    "albums": "Piano, Classical"
},  {
    "avatar": "data/mus-artists/artist-5.jpg", 
    "name": "Mildred Carroll", 
    "albums": "World, Trap, Reggaeton"
},  {
    "avatar": "data/mus-artists/artist-6.jpg", 
    "name": "Kathleen Patterson", 
    "albums": "Metal, R B Soul, Rock"
},  {
    "avatar": "data/mus-artists/artist-7.jpg", 
    "name": "Jennifer Bishop", 
    "albums": "Piano, dancehall, Trap"
},  {
    "avatar": "data/mus-artists/artist-8.jpg", 
    "name": "Martha Riley", 
    "albums": "danceedm, R B Soul, Piano"
},  {
    "avatar": "data/mus-artists/artist-9.jpg", 
    "name": "Beverly Burton", 
    "albums": "dancehall, Latin, triphop"
},  {
    "avatar": "data/mus-artists/artist-10.jpg", 
    "name": "Judy Russell", 
    "albums": "Pop, Piano, rock"
},  {
    "avatar": "data/mus-artists/artist-11.jpg", 
    "name": "James Thompson", 
    "albums": "danceedm, Latin, Rock"
},  {
    "avatar": "data/mus-artists/artist-12.jpg", 
    "name": "Martha Lane", 
    "albums": "Techno, Jazzblues, Country"
},  {
    "avatar": "data/mus-artists/artist-13.jpg", 
    "name": "Lois Wallace", 
    "albums": "Metal, soundtrack, Trap"
},  {
    "avatar": "data/mus-artists/artist-14.jpg", 
    "name": "Gerald Hawkins", 
    "albums": "Classical, rock, rock"
},  {
    "avatar": "data/mus-artists/artist-15.jpg", 
    "name": "Sean George", 
    "albums": "Trap, house, Reggaeton"
},  {
    "avatar": "data/mus-artists/artist-16.jpg", 
    "name": "Marie Franklin", 
    "albums": "Classical, soundtrack, ambient"
},  {
    "avatar": "data/mus-artists/artist-17.jpg", 
    "name": "Melissa Weaver", 
    "albums": "Country, Electronic, house"
},  {
    "avatar": "data/mus-artists/artist-18.jpg", 
    "name": "Rachel Lane", 
    "albums": "Electronic, Classical, Classical"
},  {
    "avatar": "data/mus-artists/artist-19.jpg", 
    "name": "Rebecca Sullivan", 
    "albums": "Classical, soundtrack, Indie"
},  {
    "avatar": "data/mus-artists/artist-20.jpg", 
    "name": "Lori Welch", 
    "albums": "reggae, Metal, Classical"
},  {
    "avatar": "data/mus-artists/artist-1.jpg", 
    "name": "Norma Harrison", 
    "albums": "house, Country, World"
},  {
    "avatar": "data/mus-artists/artist-2.jpg", 
    "name": "Jeremy Harvey", 
    "albums": "Metal, Classical"
},  {
    "avatar": "data/mus-artists/artist-3.jpg", 
    "name": "Jose Fields", 
    "albums": "Hip Hop, R B Soul, danceedm"
},  {
    "avatar": "data/mus-artists/artist-4.jpg", 
    "name": "Andrea Shaw", 
    "albums": "R B Soul, Country, triphop"
},  {
    "avatar": "data/mus-artists/artist-5.jpg", 
    "name": "Doris Andrews", 
    "albums": "rock, soundtrack"
},  {
    "avatar": "data/mus-artists/artist-6.jpg", 
    "name": "Irene Davis", 
    "albums": "World, rock, Electronic"
},  {
    "avatar": "data/mus-artists/artist-7.jpg", 
    "name": "Jessica Diaz", 
    "albums": "World, house, Trap"
},  {
    "avatar": "data/mus-artists/artist-8.jpg", 
    "name": "Aaron Freeman", 
    "albums": "disco, Rock, Reggaeton"
},  {
    "avatar": "data/mus-artists/artist-9.jpg", 
    "name": "Lawrence Hill", 
    "albums": "triphop, ambient, triphop"
},  {
    "avatar": "data/mus-artists/artist-10.jpg", 
    "name": "Jose Watkins", 
    "albums": "Pop, Hip Hop, Pop"
},  {
    "avatar": "data/mus-artists/artist-11.jpg", 
    "name": "Ruth Ortiz", 
    "albums": "Latin, Latin, World"
},  {
    "avatar": "data/mus-artists/artist-12.jpg", 
    "name": "Ruth Hicks", 
    "albums": "Metal, danceedm, house"
},  {
    "avatar": "data/mus-artists/artist-13.jpg", 
    "name": "Mildred Collins", 
    "albums": "Jazzblues, Metal, Hip Hop"
},  {
    "avatar": "data/mus-artists/artist-14.jpg", 
    "name": "Jose Cox", 
    "albums": "disco, Latin, Indie"
},  {
    "avatar": "data/mus-artists/artist-15.jpg", 
    "name": "Heather Coleman", 
    "albums": "Piano, Reggaeton, danceedm"
},  {
    "avatar": "data/mus-artists/artist-16.jpg", 
    "name": "Denise Richardson", 
    "albums": "Pop, soundtrack"
},  {
    "avatar": "data/mus-artists/artist-17.jpg", 
    "name": "Robert Phillips", 
    "albums": "triphop, Latin, house"
},  {
    "avatar": "data/mus-artists/artist-18.jpg", 
    "name": "Victor Stevens", 
    "albums": "Techno, Country, Reggaeton"
},  {
    "avatar": "data/mus-artists/artist-19.jpg", 
    "name": "Dennis Barnes", 
    "albums": "Rock, Classical, Reggaeton"
},  {
    "avatar": "data/mus-artists/artist-20.jpg", 
    "name": "Patrick Evans", 
    "albums": "Hip Hop, Techno, Trap"
},  {
    "avatar": "data/mus-artists/artist-1.jpg", 
    "name": "Kathy Gibson", 
    "albums": "Electronic,  Hip Hop,  World"
},  {
    "avatar": "data/mus-artists/artist-2.jpg", 
    "name": "Amy Garrett", 
    "albums": "triphop,  Indie,  Metal"
},  {
    "avatar": "data/mus-artists/artist-3.jpg", 
    "name": "Aaron Fox", 
    "albums": "World, Metal, Trap"
},  {
    "avatar": "data/mus-artists/artist-4.jpg", 
    "name": "Mildred George", 
    "albums": "Pop,  Classical,  Piano"
},  {
    "avatar": "data/mus-artists/artist-5.jpg", 
    "name": "Lori Bailey", 
    "albums": "Country,  danceedm,  Hip Hop"
},  {
    "avatar": "data/mus-artists/artist-6.jpg", 
    "name": "Mary Weaver", 
    "albums": "Jazzblues,  dancehall,  Indie"
},  {
    "avatar": "data/mus-artists/artist-7.jpg", 
    "name": "Jerry Willis", 
    "albums": "World,  Latin,  rock"
},  {
    "avatar": "data/mus-artists/artist-8.jpg", 
    "name": "Patricia Porter", 
    "albums": "Jazzblues,  danceedm"
},  {
    "avatar": "data/mus-artists/artist-9.jpg", 
    "name": "Bruce Gardner", 
    "albums": "Piano, Reggae"
},  {
    "avatar": "data/mus-artists/artist-10.jpg", 
    "name": "Paul Price", 
    "albums": "Reggaeton, Metal"
}]